ESTUD_NUM_UNICO_INST;CODIGO;SIGLA
199901596;L.EIC021;3LEIC04
199901596;L.EIC024;3LEIC05
200000316;L.EIC001;1LEIC09
200000316;L.EIC002;1LEIC09
200000316;L.EIC003;1LEIC09
200000316;L.EIC004;1LEIC09
200000316;L.EIC005;1LEIC09
200000668;L.EIC010;2LEIC08
200000668;L.EIC011;2LEIC08
200000668;L.EIC012;2LEIC08
200000668;L.EIC013;2LEIC08
200000668;L.EIC014;2LEIC08
200705464;L.EIC021;1MEIC03
200705464;M.EIC001;1MEIC03
200706695;L.EIC003;1LEIC09
200800621;L.EIC012;2LEIC03
200800621;L.EIC021;3LEIC08
200800621;L.EIC023;3LEIC08
200800621;L.EIC024;3LEIC04
200801677;L.EIC012;2LEIC02
200801677;L.EIC013;2LEIC02
200801677;L.EIC014;2LEIC02
200807826;L.EIC003;1LEIC15
200807826;L.EIC004;1LEIC10
200904191;L.EIC001;1LEIC04
200904191;L.EIC002;1LEIC08
200904191;L.EIC013;2LEIC06
200904191;L.EIC022;3LEIC10
200904191;L.EIC023;3LEIC10
200904191;L.EIC025;3LEIC04
201005231;L.EIC003;1LEIC15
201005231;L.EIC010;2LEIC08
201005231;L.EIC012;2LEIC04
201104354;L.EIC021;3LEIC10
201104354;L.EIC024;3LEIC03
201104354;M.EIC001;1MEIC03
201104354;M.EIC002;1MEIC04
201104354;M.EIC003;1MEIC01
201104354;M.EIC004;1MEIC01
201105191;L.EIC010;2LEIC07
201105191;L.EIC011;2LEIC09
201105191;L.EIC012;2LEIC09
201105191;L.EIC013;2LEIC13
201105191;L.EIC014;2LEIC12
201107323;L.EIC001;1LEIC05
201107323;L.EIC002;1LEIC05
201107323;L.EIC003;1LEIC05
201107323;L.EIC004;1LEIC05
201107323;L.EIC005;1LEIC05
201107963;L.EIC021;3LEIC02
201107963;L.EIC024;3LEIC01
201203894;L.EIC001;1LEIC01
201203894;L.EIC002;1LEIC01
201203894;L.EIC003;1LEIC01
201203894;L.EIC004;1LEIC01
201203894;L.EIC005;1LEIC01
201206080;L.EIC013;2LEIC10
201207603;L.EIC024;3LEIC02
201207603;M.EIC002;1MEIC01
201207603;M.EIC007;2MEIC01
201207603;M.EIC039;2MEIC01
201207603;M.EIC046;2MEIC01
201303544;L.EIC023;3LEIC06
201303693;L.EIC010;2LEIC08
201303693;L.EIC011;2LEIC08
201303693;L.EIC012;2LEIC08
201303693;L.EIC013;2LEIC08
201303693;L.EIC014;2LEIC08
201306340;L.EIC002;1LEIC06
201306340;L.EIC014;2LEIC07
201306340;L.EIC021;3LEIC05
201306340;L.EIC023;3LEIC03
201306340;L.EIC025;3LEIC01
201307718;L.EIC009;2LEIC01
201307718;L.EIC021;3LEIC03
201307718;L.EIC023;3LEIC05
201402718;L.EIC011;2LEIC05
201402718;L.EIC014;2LEIC05
201402718;L.EIC021;3LEIC02
201402718;L.EIC023;3LEIC04
201402718;L.EIC024;3LEIC01
201402718;L.EIC025;3LEIC01
201403478;L.EIC022;3LEIC11
201403478;L.EIC023;3LEIC04
201404375;L.EIC019;3LEIC03
201404375;L.EIC021;3LEIC03
201404375;L.EIC024;3LEIC03
201404375;L.EIC025;3LEIC03
201404491;L.EIC023;3LEIC04
201404491;L.EIC025;3LEIC08
201404616;L.EIC012;2LEIC05
201404616;L.EIC023;3LEIC02
201404616;L.EIC024;3LEIC04
201404616;L.EIC025;3LEIC02
201404947;L.EIC009;2LEIC01
201404947;L.EIC021;3LEIC09
201405064;L.EIC019;3LEIC03
201405064;L.EIC021;3LEIC04
201405064;L.EIC023;3LEIC03
201405188;L.EIC006;2LEIC01
201405188;L.EIC009;2LEIC01
201405188;L.EIC012;2LEIC08
201405188;L.EIC013;2LEIC01
201405188;L.EIC014;2LEIC01
201405774;L.EIC021;1MEIC07
201405774;L.EIC024;3LEIC03
201405774;M.EIC001;1MEIC03
201405774;M.EIC002;1MEIC04
201405774;M.EIC003;1MEIC02
201405774;M.EIC004;1MEIC01
201406189;L.EIC021;1MEIC05
201406189;L.EIC025;3LEIC01
201406189;M.EIC002;1MEIC07
201406189;M.EIC003;1MEIC03
201406189;M.EIC038;2MEIC01
201406189;M.EIC041;2MEIC01
201406255;L.EIC001;1LEIC04
201406255;L.EIC002;1LEIC11
201406255;L.EIC005;1LEIC11
201406255;L.EIC011;2LEIC11
201406255;L.EIC012;2LEIC02
201406255;L.EIC014;2LEIC06
201406991;L.EIC013;2LEIC16
201503035;L.EIC009;2LEIC04
201503035;L.EIC019;3LEIC06
201503035;L.EIC021;1MEIC06
201503035;L.EIC023;3LEIC09
201504089;L.EIC003;1LEIC06
201504089;L.EIC006;2LEIC02
201504089;L.EIC009;2LEIC04
201504089;L.EIC011;2LEIC08
201504089;L.EIC012;2LEIC03
201504089;L.EIC013;2LEIC06
201504089;L.EIC014;2LEIC04
201504397;L.EIC019;3LEIC04
201504397;L.EIC021;3LEIC04
201504397;L.EIC024;3LEIC04
201504397;M.EIC001;1MEIC01
201504397;M.EIC002;1MEIC01
201504397;M.EIC003;1MEIC01
201504403;L.EIC010;2LEIC15
201504403;L.EIC021;1MEIC06
201504403;L.EIC023;3LEIC06
201505519;L.EIC010;2LEIC07
201505519;L.EIC011;2LEIC14
201505519;L.EIC013;2LEIC14
201505519;L.EIC021;3LEIC07
201505519;L.EIC025;3LEIC10
201505676;L.EIC013;2LEIC11
201505676;L.EIC014;2LEIC10
201505676;L.EIC021;3LEIC10
201505676;L.EIC023;3LEIC09
201505676;L.EIC025;3LEIC09
201506074;L.EIC002;1LEIC02
201506074;L.EIC004;1LEIC02
201506074;L.EIC010;2LEIC09
201506074;L.EIC012;2LEIC10
201506074;L.EIC014;2LEIC12
201506449;L.EIC002;1LEIC06
201506449;L.EIC006;2LEIC02
201506449;L.EIC009;2LEIC02
201506449;L.EIC012;2LEIC05
201506449;L.EIC013;2LEIC07
201506449;L.EIC014;2LEIC01
201506561;L.EIC021;1MEIC07
201506561;L.EIC025;3LEIC08
201506561;M.EIC001;1MEIC01
201506561;M.EIC002;1MEIC01
201506561;M.EIC003;1MEIC02
201507143;L.EIC002;1LEIC11
201507143;L.EIC003;1LEIC15
201507143;L.EIC011;2LEIC14
201507143;L.EIC013;2LEIC06
201507143;L.EIC022;3LEIC09
201507143;L.EIC023;3LEIC09
201507143;L.EIC025;3LEIC10
201603694;L.EIC023;3LEIC02
201603694;M.EIC007;2MEIC01
201603694;M.EIC011;2MEIC03
201603816;L.EIC021;1MEIC08
201603816;L.EIC025;3LEIC10
201603816;M.EIC002;1MEIC01
201603816;M.EIC003;1MEIC01
201603816;M.EIC004;1MEIC01
201603903;L.EIC010;2LEIC08
201603903;L.EIC011;2LEIC08
201603903;L.EIC012;2LEIC08
201603903;L.EIC014;2LEIC08
201604138;L.EIC010;2LEIC11
201604138;L.EIC011;2LEIC11
201604138;L.EIC012;2LEIC11
201604138;L.EIC013;2LEIC11
201604138;L.EIC014;2LEIC11
201604450;L.EIC011;2LEIC15
201604530;L.EIC021;3LEIC08
201604530;L.EIC024;3LEIC07
201604530;M.EIC001;1MEIC04
201604530;M.EIC002;1MEIC04
201604530;M.EIC036;2MEIC02
201604530;M.EIC039;2MEIC02
201604735;M.EIC002;1MEIC04
201604735;M.EIC004;1MEIC05
201604735;M.EIC007;2MEIC01
201604835;L.EIC024;3LEIC07
201604835;M.EIC001;1MEIC03
201604835;M.EIC004;1MEIC07
201604835;M.EIC007;2MEIC01
201604835;M.EIC011;2MEIC03
201604835;M.EIC033;2MEIC02
201604835;M.EIC036;2MEIC02
201604910;L.EIC014;2LEIC02
201604910;L.EIC021;3LEIC07
201604910;L.EIC023;3LEIC06
201604910;L.EIC025;3LEIC10
201605125;L.EIC019;3LEIC02
201605125;L.EIC021;3LEIC04
201605125;L.EIC023;3LEIC04
201605125;L.EIC024;3LEIC02
201605360;L.EIC023;3LEIC09
201605389;L.EIC002;1LEIC10
201605389;L.EIC021;3LEIC01
201605389;L.EIC024;3LEIC03
201605389;M.EIC001;1MEIC05
201605389;M.EIC002;1MEIC04
201605389;M.EIC003;1MEIC02
201605389;M.EIC004;1MEIC05
201605976;L.EIC005;1LEIC10
201605976;L.EIC012;2LEIC06
201605976;L.EIC014;2LEIC05
201606166;L.EIC009;2LEIC02
201606166;L.EIC012;2LEIC05
201606166;L.EIC013;2LEIC02
201606166;L.EIC019;3LEIC04
201606796;L.EIC009;2LEIC01
201606796;L.EIC021;3LEIC08
201606796;L.EIC025;3LEIC10
201607406;L.EIC009;2LEIC01
201607406;L.EIC023;3LEIC04
201608657;L.EIC021;3LEIC06
201608657;M.EIC001;1MEIC07
201608657;M.EIC002;1MEIC03
201608657;M.EIC003;1MEIC05
201608657;M.EIC004;1MEIC02
201608657;M.EIC005;1MEIC01
201700129;L.EIC024;3LEIC03
201700131;L.EIC010;2LEIC15
201700131;L.EIC019;3LEIC10
201700131;L.EIC021;3LEIC10
201700131;L.EIC023;3LEIC10
201700131;L.EIC024;3LEIC07
201700131;L.EIC025;3LEIC10
201700132;L.EIC024;3LEIC09
201700135;L.EIC019;3LEIC10
201700135;L.EIC021;3LEIC05
201700494;L.EIC024;3LEIC03
201700494;M.EIC004;1MEIC05
201700494;M.EIC007;2MEIC01
201700494;M.EIC033;2MEIC02
201700494;M.EIC039;2MEIC01
201700494;M.EIC040;2MEIC01
201700494;M.EIC041;2MEIC01
201703964;L.EIC011;2LEIC10
201703964;L.EIC022;3LEIC10
201703964;M.EIC001;1MEIC05
201703964;M.EIC004;1MEIC02
201703964;M.EIC007;2MEIC01
201704300;L.EIC021;3LEIC09
201704300;L.EIC023;3LEIC09
201704300;L.EIC025;3LEIC09
201704313;L.EIC011;2LEIC11
201704313;L.EIC012;2LEIC04
201704313;L.EIC013;2LEIC15
201704313;L.EIC014;2LEIC03
201704313;L.EIC021;3LEIC04
201704313;L.EIC023;3LEIC10
201704313;L.EIC024;3LEIC07
201704590;L.EIC021;3LEIC03
201704590;L.EIC023;3LEIC05
201704590;L.EIC024;3LEIC05
201704590;L.EIC025;3LEIC07
201704599;L.EIC024;3LEIC07
201704599;M.EIC001;1MEIC01
201704599;M.EIC003;1MEIC01
201704599;M.EIC004;1MEIC02
201704599;M.EIC007;2MEIC01
201704608;L.EIC002;1LEIC11
201704608;L.EIC006;2LEIC01
201704608;L.EIC009;2LEIC01
201704608;L.EIC012;2LEIC06
201704608;L.EIC013;2LEIC02
201704608;L.EIC014;2LEIC07
201704733;L.EIC012;2LEIC01
201704733;L.EIC013;2LEIC06
201704733;L.EIC019;3LEIC10
201704733;L.EIC022;3LEIC09
201704733;L.EIC024;3LEIC07
201704790;L.EIC021;1MEIC05
201704790;L.EIC024;3LEIC07
201704790;M.EIC002;1MEIC01
201704790;M.EIC004;1MEIC03
201704790;M.EIC047;2MEIC01
201704805;L.EIC013;2LEIC01
201704805;L.EIC019;3LEIC10
201704805;L.EIC021;3LEIC10
201704805;L.EIC022;3LEIC10
201704951;L.EIC013;2LEIC16
201704951;L.EIC021;1MEIC08
201704951;M.EIC001;1MEIC05
201704951;M.EIC002;1MEIC07
201704951;M.EIC003;1MEIC05
201704951;M.EIC004;1MEIC02
201704956;L.EIC019;3LEIC07
201704956;L.EIC021;3LEIC07
201704956;L.EIC022;3LEIC09
201704956;L.EIC023;3LEIC05
201704961;L.EIC021;3LEIC01
201704961;L.EIC023;3LEIC08
201704976;L.EIC010;2LEIC13
201704976;L.EIC011;2LEIC16
201704976;L.EIC012;2LEIC15
201704976;L.EIC013;2LEIC03
201704976;L.EIC014;2LEIC15
201704976;L.EIC019;3LEIC09
201704987;L.EIC014;2LEIC02
201704987;L.EIC019;3LEIC04
201704987;L.EIC021;3LEIC02
201704987;L.EIC023;3LEIC06
201705110;L.EIC014;2LEIC12
201705110;L.EIC021;3LEIC09
201705110;L.EIC023;3LEIC10
201705110;L.EIC024;3LEIC09
201705110;L.EIC025;3LEIC09
201705113;L.EIC002;1LEIC14
201705113;L.EIC004;1LEIC14
201705113;L.EIC005;1LEIC14
201705113;L.EIC011;2LEIC14
201705113;L.EIC013;2LEIC14
201705113;L.EIC014;2LEIC15
201705254;M.EIC002;1MEIC04
201705254;M.EIC007;2MEIC01
201705254;M.EIC039;2MEIC01
201705254;M.EIC040;2MEIC01
201705254;M.EIC041;2MEIC01
201705254;M.EIC044;2MEIC02
201705374;L.EIC023;3LEIC07
201705547;L.EIC024;3LEIC01
201705547;M.EIC003;1MEIC05
201705547;M.EIC007;2MEIC01
201705547;M.EIC035;2MEIC02
201705547;M.EIC042;2MEIC01
201705547;M.EIC043;2MEIC02
201705547;M.EIC044;2MEIC02
201705558;L.EIC010;2LEIC10
201705558;L.EIC011;2LEIC10
201705558;L.EIC012;2LEIC10
201705558;L.EIC013;2LEIC10
201705558;L.EIC014;2LEIC10
201705562;L.EIC006;2LEIC03
201705562;L.EIC014;2LEIC01
201705562;L.EIC021;3LEIC10
201705562;L.EIC022;3LEIC10
201705562;L.EIC023;3LEIC09
201705562;L.EIC025;3LEIC09
201705580;M.EIC007;2MEIC01
201705580;M.EIC033;2MEIC02
201705580;M.EIC039;2MEIC01
201705580;M.EIC040;2MEIC01
201705580;M.EIC041;2MEIC01
201705616;L.EIC013;2LEIC07
201705616;M.EIC007;2MEIC01
201705616;M.EIC011;2MEIC03
201705616;M.EIC030;2MEIC01
201705616;M.EIC039;2MEIC02
201705616;M.EIC045;2MEIC02
201706105;L.EIC005;1LEIC09
201706105;L.EIC011;2LEIC05
201706105;L.EIC012;2LEIC05
201706105;L.EIC014;2LEIC05
201706117;L.EIC009;2LEIC03
201706117;L.EIC011;2LEIC16
201706117;L.EIC012;2LEIC10
201706117;L.EIC013;2LEIC10
201706117;L.EIC014;2LEIC12
201706254;L.EIC009;2LEIC04
201706254;L.EIC021;3LEIC02
201706254;L.EIC023;3LEIC03
201706280;L.EIC021;3LEIC07
201706280;L.EIC024;3LEIC02
201706280;L.EIC025;3LEIC10
201706280;M.EIC001;1MEIC03
201706280;M.EIC002;1MEIC04
201706280;M.EIC003;1MEIC01
201706415;L.EIC022;3LEIC10
201706415;L.EIC025;3LEIC06
201706415;M.EIC002;1MEIC01
201706415;M.EIC003;1MEIC02
201706415;M.EIC036;2MEIC02
201706415;M.EIC039;2MEIC01
201706415;M.EIC045;2MEIC02
201706518;L.EIC013;2LEIC11
201706518;L.EIC019;3LEIC01
201706518;L.EIC021;3LEIC01
201706518;L.EIC023;3LEIC01
201706518;L.EIC024;3LEIC01
201706518;L.EIC025;3LEIC01
201706546;L.EIC005;1LEIC06
201706546;L.EIC010;2LEIC07
201706546;L.EIC012;2LEIC04
201706546;L.EIC013;2LEIC04
201706546;L.EIC014;2LEIC04
201706546;L.EIC021;3LEIC04
201706864;L.EIC025;3LEIC04
201706939;L.EIC006;2LEIC04
201706939;L.EIC009;2LEIC04
201706939;L.EIC013;2LEIC04
201706939;L.EIC023;3LEIC06
201706978;L.EIC021;3LEIC08
201706978;M.EIC001;1MEIC01
201706978;M.EIC002;1MEIC01
201706978;M.EIC003;1MEIC01
201706978;M.EIC004;1MEIC01
201706978;M.EIC005;1MEIC01
201707001;L.EIC021;3LEIC07
201707001;L.EIC023;3LEIC06
201707001;L.EIC024;3LEIC07
201707001;L.EIC025;3LEIC08
201707001;M.EIC001;1MEIC03
201707001;M.EIC002;1MEIC04
201707427;L.EIC019;3LEIC01
201707427;L.EIC021;3LEIC01
201707427;L.EIC023;3LEIC08
201707427;L.EIC024;3LEIC01
201707427;L.EIC025;3LEIC03
201707984;L.EIC002;1LEIC04
201707984;L.EIC006;2LEIC04
201707984;L.EIC009;2LEIC04
201707984;L.EIC010;2LEIC15
201707984;L.EIC012;2LEIC03
201707984;L.EIC014;2LEIC07
201708806;L.EIC021;3LEIC09
201708806;L.EIC025;3LEIC09
201708806;M.EIC001;1MEIC04
201708806;M.EIC002;1MEIC07
201708806;M.EIC004;1MEIC04
201708997;L.EIC010;2LEIC07
201708997;L.EIC021;1MEIC07
201708997;M.EIC002;1MEIC01
201708997;M.EIC003;1MEIC02
201708997;M.EIC004;1MEIC07
201708999;L.EIC021;3LEIC01
201708999;L.EIC024;3LEIC03
201708999;M.EIC001;1MEIC01
201708999;M.EIC002;1MEIC03
201708999;M.EIC004;1MEIC05
201709304;L.EIC022;3LEIC11
201709304;L.EIC024;3LEIC03
201709304;M.EIC001;1MEIC01
201709304;M.EIC002;1MEIC03
201709304;M.EIC003;1MEIC02
201709304;M.EIC004;1MEIC05
201709375;L.EIC006;2LEIC02
201709375;L.EIC009;2LEIC01
201709375;L.EIC013;2LEIC07
201709375;L.EIC019;3LEIC09
201709375;L.EIC022;3LEIC10
201709375;L.EIC023;3LEIC04
201709375;L.EIC025;3LEIC03
201709467;L.EIC023;3LEIC08
201709532;L.EIC023;3LEIC07
201709532;L.EIC025;3LEIC05
201709560;L.EIC006;2LEIC04
201709560;L.EIC009;2LEIC03
201709560;L.EIC011;2LEIC16
201709560;L.EIC012;2LEIC10
201709560;L.EIC013;2LEIC10
201709560;L.EIC014;2LEIC12
201709896;L.EIC001;1LEIC09
201709896;L.EIC002;1LEIC09
201709896;L.EIC003;1LEIC09
201709896;L.EIC004;1LEIC09
201709896;L.EIC005;1LEIC09
201800169;L.EIC014;2LEIC12
201800169;L.EIC019;3LEIC06
201800169;L.EIC021;3LEIC08
201800169;L.EIC023;3LEIC08
201800169;L.EIC024;3LEIC01
201800169;L.EIC025;3LEIC10
201800171;L.EIC021;3LEIC01
201800171;L.EIC024;3LEIC03
201800171;L.EIC025;3LEIC01
201800171;M.EIC001;1MEIC03
201800171;M.EIC002;1MEIC07
201800171;M.EIC003;1MEIC05
201800172;L.EIC002;1LEIC04
201800172;L.EIC010;2LEIC05
201800172;L.EIC013;2LEIC02
201800172;L.EIC019;3LEIC04
201800172;L.EIC021;3LEIC02
201800172;L.EIC023;3LEIC02
201800172;L.EIC024;3LEIC03
201800177;L.EIC010;2LEIC05
201800177;L.EIC011;2LEIC05
201800177;L.EIC014;2LEIC05
201800177;L.EIC019;3LEIC05
201800177;L.EIC021;3LEIC05
201800698;L.EIC019;3LEIC02
201800698;L.EIC021;3LEIC02
201800698;L.EIC022;3LEIC11
201800698;L.EIC023;3LEIC09
201800698;L.EIC024;3LEIC02
201800698;L.EIC025;3LEIC02
201800700;L.EIC011;2LEIC07
201800700;L.EIC021;3LEIC07
201800700;L.EIC023;3LEIC07
201800700;L.EIC024;3LEIC07
201800700;L.EIC025;3LEIC07
201802112;L.EIC010;2LEIC07
201802112;L.EIC021;1MEIC07
201802112;L.EIC022;3LEIC10
201802112;L.EIC024;3LEIC03
201802112;M.EIC003;1MEIC07
201804265;L.EIC021;3LEIC04
201804832;L.EIC009;2LEIC01
201804832;L.EIC012;2LEIC03
201804832;L.EIC013;2LEIC05
201804832;L.EIC014;2LEIC12
201804832;L.EIC019;3LEIC03
201804904;L.EIC013;2LEIC09
201804904;L.EIC021;3LEIC04
201804904;L.EIC023;3LEIC07
201804977;L.EIC019;3LEIC06
201804977;L.EIC021;3LEIC08
201804977;L.EIC023;3LEIC08
201805000;L.EIC006;2LEIC02
201805000;L.EIC013;2LEIC16
201805000;L.EIC014;2LEIC01
201805000;L.EIC021;3LEIC05
201805000;L.EIC023;3LEIC01
201805000;L.EIC025;3LEIC02
201805032;L.EIC002;1LEIC06
201805032;L.EIC014;2LEIC08
201805032;L.EIC019;3LEIC09
201805032;L.EIC021;3LEIC09
201805032;L.EIC022;3LEIC09
201805032;L.EIC023;3LEIC02
201805123;L.EIC001;1LEIC08
201805123;L.EIC006;2LEIC03
201805123;L.EIC021;3LEIC08
201805123;L.EIC022;3LEIC11
201805123;L.EIC023;3LEIC10
201805123;L.EIC025;3LEIC08
201805137;L.EIC023;3LEIC08
201805156;L.EIC019;3LEIC03
201805156;L.EIC021;3LEIC04
201805156;L.EIC023;3LEIC04
201805156;L.EIC025;3LEIC01
201805189;L.EIC023;3LEIC08
201805199;L.EIC023;3LEIC08
201805255;L.EIC001;1LEIC01
201805255;L.EIC002;1LEIC13
201805255;L.EIC010;2LEIC09
201805255;L.EIC013;2LEIC15
201805255;L.EIC023;3LEIC05
201805255;L.EIC025;3LEIC10
201805273;L.EIC006;2LEIC03
201805273;L.EIC013;2LEIC07
201805273;L.EIC021;3LEIC07
201805273;L.EIC023;3LEIC06
201805273;L.EIC025;3LEIC08
201805327;L.EIC021;3LEIC02
201805327;L.EIC022;3LEIC11
201805327;L.EIC023;3LEIC03
201805327;L.EIC025;3LEIC01
201805367;L.EIC006;2LEIC04
201805367;L.EIC013;2LEIC04
201805367;L.EIC019;3LEIC03
201805367;L.EIC021;3LEIC07
201805367;L.EIC022;3LEIC11
201805367;L.EIC023;3LEIC07
201805367;L.EIC025;3LEIC10
201805455;L.EIC021;3LEIC07
201805455;L.EIC022;3LEIC11
201805455;L.EIC023;3LEIC08
201805455;L.EIC025;3LEIC01
201806083;L.EIC021;1MEIC03
201806083;L.EIC024;3LEIC04
201806083;L.EIC025;3LEIC01
201806083;M.EIC001;1MEIC03
201806083;M.EIC003;1MEIC02
201806083;M.EIC004;1MEIC01
201806102;L.EIC012;2LEIC01
201806102;L.EIC022;3LEIC09
201806102;L.EIC023;3LEIC02
201806102;L.EIC024;3LEIC06
201806140;L.EIC021;1MEIC07
201806140;M.EIC001;1MEIC04
201806140;M.EIC002;1MEIC05
201806140;M.EIC003;1MEIC04
201806140;M.EIC004;1MEIC05
201806162;L.EIC021;3LEIC08
201806162;L.EIC023;3LEIC07
201806162;M.EIC001;1MEIC03
201806162;M.EIC002;1MEIC03
201806162;M.EIC003;1MEIC05
201806162;M.EIC004;1MEIC01
201806206;L.EIC021;1MEIC07
201806206;M.EIC001;1MEIC07
201806206;M.EIC002;1MEIC07
201806206;M.EIC003;1MEIC07
201806206;M.EIC004;1MEIC07
201806242;L.EIC001;1LEIC14
201806242;L.EIC003;1LEIC15
201806242;L.EIC004;1LEIC14
201806242;L.EIC005;1LEIC02
201806242;L.EIC011;2LEIC05
201806251;L.EIC021;3LEIC01
201806251;L.EIC024;3LEIC03
201806251;M.EIC001;1MEIC04
201806251;M.EIC002;1MEIC07
201806251;M.EIC003;1MEIC03
201806251;M.EIC004;1MEIC04
201806261;L.EIC021;1MEIC05
201806261;L.EIC024;3LEIC02
201806261;M.EIC001;1MEIC01
201806261;M.EIC002;1MEIC03
201806261;M.EIC003;1MEIC02
201806261;M.EIC004;1MEIC01
201806280;L.EIC021;1MEIC03
201806280;L.EIC024;3LEIC01
201806280;L.EIC025;3LEIC01
201806280;M.EIC001;1MEIC04
201806280;M.EIC003;1MEIC07
201806280;M.EIC005;1MEIC01
201806326;L.EIC005;1LEIC13
201806326;L.EIC009;2LEIC02
201806326;L.EIC010;2LEIC05
201806326;L.EIC012;2LEIC04
201806326;L.EIC014;2LEIC03
201806340;L.EIC009;2LEIC04
201806340;L.EIC010;2LEIC11
201806340;L.EIC011;2LEIC15
201806340;L.EIC014;2LEIC10
201806340;L.EIC021;3LEIC04
201806340;L.EIC022;3LEIC09
201806363;L.EIC021;3LEIC08
201806363;L.EIC024;3LEIC06
201806363;L.EIC025;3LEIC08
201806363;M.EIC001;1MEIC05
201806363;M.EIC002;1MEIC07
201806363;M.EIC003;1MEIC05
201806363;M.EIC004;1MEIC05
201806389;L.EIC021;1MEIC06
201806389;L.EIC024;3LEIC01
201806389;M.EIC001;1MEIC04
201806389;M.EIC002;1MEIC04
201806389;M.EIC003;1MEIC02
201806389;M.EIC004;1MEIC05
201806398;L.EIC019;3LEIC01
201806398;L.EIC021;3LEIC01
201806398;L.EIC023;3LEIC06
201806398;L.EIC024;3LEIC06
201806398;L.EIC025;3LEIC01
201806416;L.EIC010;2LEIC05
201806416;L.EIC011;2LEIC05
201806416;L.EIC013;2LEIC03
201806416;L.EIC014;2LEIC05
201806416;L.EIC019;3LEIC10
201806466;L.EIC005;1LEIC03
201806479;L.EIC021;3LEIC07
201806479;L.EIC024;3LEIC09
201806479;M.EIC001;1MEIC03
201806479;M.EIC002;1MEIC03
201806479;M.EIC003;1MEIC05
201806479;M.EIC004;1MEIC01
201806496;L.EIC005;1LEIC04
201806496;L.EIC010;2LEIC05
201806496;L.EIC012;2LEIC02
201806496;L.EIC014;2LEIC02
201806496;L.EIC019;3LEIC03
201806527;L.EIC021;1MEIC05
201806527;L.EIC024;3LEIC07
201806527;M.EIC001;1MEIC03
201806527;M.EIC002;1MEIC03
201806527;M.EIC003;1MEIC05
201806572;L.EIC021;3LEIC10
201806572;M.EIC001;1MEIC04
201806572;M.EIC002;1MEIC02
201806572;M.EIC003;1MEIC01
201806572;M.EIC004;1MEIC05
201806572;M.EIC005;1MEIC01
201806581;L.EIC021;3LEIC10
201806581;L.EIC023;3LEIC05
201806581;L.EIC024;3LEIC03
201806581;L.EIC025;3LEIC04
201806581;M.EIC005;1MEIC02
201806629;L.EIC010;2LEIC08
201806629;L.EIC013;2LEIC06
201806629;L.EIC019;3LEIC07
201806629;L.EIC021;3LEIC07
201806629;L.EIC023;3LEIC07
201806629;L.EIC024;3LEIC05
201806629;L.EIC025;3LEIC10
201806664;L.EIC004;1LEIC08
201806664;L.EIC021;1MEIC06
201806664;L.EIC024;3LEIC02
201806664;M.EIC001;1MEIC01
201806664;M.EIC002;1MEIC07
201806664;M.EIC003;1MEIC07
201806723;L.EIC021;1MEIC08
201806723;M.EIC001;1MEIC03
201806723;M.EIC002;1MEIC02
201806723;M.EIC003;1MEIC02
201806723;M.EIC004;1MEIC04
201806728;L.EIC021;3LEIC01
201806728;L.EIC024;3LEIC03
201806728;M.EIC001;1MEIC04
201806728;M.EIC002;1MEIC07
201806728;M.EIC003;1MEIC03
201806728;M.EIC004;1MEIC04
201806762;L.EIC010;2LEIC05
201806762;L.EIC019;3LEIC03
201806762;L.EIC021;3LEIC03
201806762;L.EIC023;3LEIC04
201806762;L.EIC024;3LEIC02
201806762;L.EIC025;3LEIC03
201806763;L.EIC021;3LEIC08
201806763;M.EIC001;1MEIC01
201806763;M.EIC002;1MEIC01
201806763;M.EIC003;1MEIC01
201806763;M.EIC004;1MEIC01
201806784;L.EIC021;1MEIC08
201806784;M.EIC001;1MEIC03
201806784;M.EIC002;1MEIC04
201806784;M.EIC003;1MEIC01
201806784;M.EIC004;1MEIC01
201806787;L.EIC013;2LEIC05
201806787;L.EIC014;2LEIC09
201806787;L.EIC021;3LEIC08
201806787;L.EIC024;3LEIC04
201806787;L.EIC025;3LEIC09
201806791;L.EIC021;1MEIC08
201806791;L.EIC024;3LEIC02
201806791;M.EIC001;1MEIC01
201806791;M.EIC002;1MEIC05
201806791;M.EIC003;1MEIC07
201806791;M.EIC004;1MEIC04
201806798;L.EIC011;2LEIC08
201806798;L.EIC012;2LEIC08
201806798;L.EIC014;2LEIC02
201806798;L.EIC019;3LEIC10
201806798;L.EIC021;3LEIC09
201806798;L.EIC025;3LEIC09
201806802;L.EIC021;3LEIC02
201806802;M.EIC001;1MEIC04
201806802;M.EIC002;1MEIC03
201806802;M.EIC003;1MEIC05
201806802;M.EIC004;1MEIC01
201806802;M.EIC005;1MEIC01
201806821;L.EIC019;3LEIC05
201806821;L.EIC023;3LEIC07
201806821;L.EIC024;3LEIC07
201806821;L.EIC025;3LEIC04
201806821;M.EIC001;1MEIC05
201806821;M.EIC002;1MEIC04
201806824;L.EIC019;3LEIC02
201806824;L.EIC021;3LEIC01
201806824;L.EIC023;3LEIC05
201806824;L.EIC024;3LEIC03
201806824;L.EIC025;3LEIC01
201806829;L.EIC014;2LEIC07
201806829;L.EIC023;3LEIC05
201806829;L.EIC024;3LEIC01
201806829;L.EIC025;3LEIC02
201806860;L.EIC009;2LEIC04
201806860;L.EIC010;2LEIC11
201806860;L.EIC011;2LEIC15
201806860;L.EIC014;2LEIC10
201806860;L.EIC021;3LEIC04
201806860;L.EIC025;3LEIC04
201807126;L.EIC001;1LEIC09
201807126;L.EIC002;1LEIC09
201807126;L.EIC003;1LEIC09
201807126;L.EIC004;1LEIC09
201807126;L.EIC005;1LEIC09
201807530;L.EIC010;2LEIC15
201807530;L.EIC011;2LEIC09
201807530;L.EIC012;2LEIC04
201807530;L.EIC014;2LEIC11
201807626;L.EIC019;3LEIC10
201807626;L.EIC021;1MEIC06
201807626;L.EIC023;3LEIC06
201807626;L.EIC024;3LEIC09
201807626;L.EIC025;3LEIC08
201808031;L.EIC019;3LEIC02
201808031;L.EIC021;3LEIC02
201808031;L.EIC023;3LEIC02
201808031;L.EIC024;3LEIC02
201808031;L.EIC025;3LEIC02
201808546;L.EIC021;1MEIC08
201808546;L.EIC024;3LEIC07
201808546;M.EIC001;1MEIC01
201808546;M.EIC002;1MEIC05
201808546;M.EIC003;1MEIC02
201808546;M.EIC004;1MEIC02
201808548;L.EIC003;1LEIC11
201808548;L.EIC010;2LEIC10
201808548;L.EIC011;2LEIC10
201808548;L.EIC012;2LEIC10
201808548;L.EIC014;2LEIC10
201808612;L.EIC002;1LEIC02
201808612;L.EIC003;1LEIC15
201808612;L.EIC009;2LEIC04
201808612;L.EIC010;2LEIC05
201808612;L.EIC011;2LEIC05
201808612;L.EIC013;2LEIC02
201808612;L.EIC014;2LEIC02
201808613;L.EIC006;2LEIC01
201808613;L.EIC013;2LEIC03
201808613;L.EIC014;2LEIC07
201808613;L.EIC021;3LEIC02
201808613;L.EIC022;3LEIC09
201808613;L.EIC025;3LEIC02
201808614;L.EIC019;3LEIC02
201808614;L.EIC021;3LEIC01
201808614;L.EIC023;3LEIC09
201808910;L.EIC021;3LEIC09
201808910;L.EIC024;3LEIC03
201808910;L.EIC025;3LEIC08
201809384;L.EIC021;1MEIC03
201809384;M.EIC001;1MEIC03
201809384;M.EIC002;1MEIC05
201809384;M.EIC003;1MEIC02
201809384;M.EIC004;1MEIC04
201809566;L.EIC021;1MEIC08
201809566;M.EIC001;1MEIC07
201809566;M.EIC002;1MEIC07
201809566;M.EIC003;1MEIC07
201809566;M.EIC004;1MEIC07
201809590;L.EIC006;2LEIC02
201809590;L.EIC009;2LEIC02
201809590;L.EIC014;2LEIC02
201809590;L.EIC022;3LEIC09
201809590;L.EIC023;3LEIC04
201809716;L.EIC001;1LEIC08
201809716;L.EIC002;1LEIC04
201809716;L.EIC003;1LEIC15
201809716;L.EIC004;1LEIC04
201809716;L.EIC005;1LEIC04
201810087;L.EIC006;2LEIC02
201810087;L.EIC009;2LEIC02
201810087;L.EIC013;2LEIC03
201810087;L.EIC021;3LEIC08
201810087;L.EIC023;3LEIC08
201810087;L.EIC025;3LEIC08
201900188;L.EIC002;1LEIC12
201900188;L.EIC006;2LEIC03
201900188;L.EIC011;2LEIC14
201900188;L.EIC012;2LEIC05
201900188;L.EIC013;2LEIC02
201900188;L.EIC014;2LEIC03
201900190;L.EIC010;2LEIC05
201900190;L.EIC011;2LEIC07
201900190;L.EIC012;2LEIC03
201900190;L.EIC013;2LEIC05
201900190;L.EIC014;2LEIC05
201900192;L.EIC002;1LEIC04
201900192;L.EIC005;1LEIC02
201900194;L.EIC009;2LEIC03
201900194;L.EIC010;2LEIC05
201900194;L.EIC011;2LEIC07
201900194;L.EIC012;2LEIC03
201900194;L.EIC013;2LEIC05
201900194;L.EIC014;2LEIC04
201900513;L.EIC011;2LEIC05
201900513;L.EIC019;3LEIC01
201900513;L.EIC021;3LEIC05
201900513;L.EIC022;3LEIC11
201900513;L.EIC023;3LEIC01
201900513;L.EIC024;3LEIC05
201900513;L.EIC025;3LEIC03
201902223;L.EIC013;2LEIC04
201902223;L.EIC014;2LEIC04
201902223;L.EIC019;3LEIC03
201902223;L.EIC021;3LEIC03
201902223;L.EIC023;3LEIC03
201902223;L.EIC025;3LEIC03
201902431;L.EIC019;3LEIC03
201902431;L.EIC021;3LEIC04
201902431;L.EIC023;3LEIC09
201902617;L.EIC013;2LEIC05
201902617;L.EIC014;2LEIC12
201902617;L.EIC019;3LEIC05
201902617;L.EIC021;3LEIC05
201902617;L.EIC022;3LEIC11
201902617;L.EIC025;3LEIC05
201904508;L.EIC003;1LEIC13
201904508;L.EIC006;2LEIC04
201904508;L.EIC009;2LEIC03
201904508;L.EIC013;2LEIC01
201904508;L.EIC014;2LEIC11
201904508;L.EIC021;3LEIC03
201904515;L.EIC019;3LEIC08
201904515;L.EIC021;3LEIC09
201904515;L.EIC023;3LEIC02
201904515;L.EIC024;3LEIC09
201904515;L.EIC025;3LEIC07
201904517;L.EIC019;3LEIC08
201904517;L.EIC021;3LEIC09
201904517;L.EIC023;3LEIC02
201904517;L.EIC024;3LEIC09
201904517;L.EIC025;3LEIC07
201904529;L.EIC013;2LEIC03
201904529;L.EIC019;3LEIC03
201904529;L.EIC021;3LEIC03
201904529;L.EIC023;3LEIC03
201904529;L.EIC025;3LEIC03
201904565;L.EIC019;3LEIC02
201904565;L.EIC021;3LEIC02
201904565;L.EIC023;3LEIC02
201904565;L.EIC024;3LEIC05
201904565;L.EIC025;3LEIC01
201904580;L.EIC012;2LEIC15
201904580;L.EIC019;3LEIC03
201904580;L.EIC021;3LEIC01
201904580;L.EIC023;3LEIC03
201904580;L.EIC024;3LEIC03
201904580;L.EIC025;3LEIC01
201904609;L.EIC019;3LEIC08
201904609;L.EIC021;3LEIC06
201904609;L.EIC023;3LEIC01
201904609;L.EIC024;3LEIC01
201904609;L.EIC025;3LEIC07
201904609;M.EIC004;1MEIC04
201904624;L.EIC019;3LEIC06
201904624;L.EIC021;3LEIC07
201904624;L.EIC023;3LEIC10
201904624;L.EIC024;3LEIC07
201904624;L.EIC025;3LEIC07
201904642;L.EIC001;1LEIC04
201904642;L.EIC002;1LEIC13
201904642;L.EIC010;2LEIC15
201904642;L.EIC013;2LEIC05
201904642;L.EIC014;2LEIC15
201904642;L.EIC019;3LEIC07
201904642;L.EIC022;3LEIC10
201904675;L.EIC019;3LEIC02
201904675;L.EIC021;3LEIC02
201904675;L.EIC023;3LEIC02
201904675;L.EIC024;3LEIC05
201904675;L.EIC025;3LEIC01
201904710;L.EIC006;2LEIC03
201904710;L.EIC009;2LEIC02
201904710;L.EIC011;2LEIC05
201904710;L.EIC013;2LEIC03
201904710;L.EIC014;2LEIC01
201904710;L.EIC021;3LEIC07
201904710;L.EIC023;3LEIC07
201904721;L.EIC019;3LEIC08
201904721;L.EIC021;3LEIC03
201904721;L.EIC023;3LEIC01
201904721;L.EIC024;3LEIC05
201904721;L.EIC025;3LEIC07
201904726;L.EIC019;3LEIC06
201904726;L.EIC021;3LEIC06
201904726;L.EIC023;3LEIC03
201904726;L.EIC024;3LEIC04
201904726;L.EIC025;3LEIC09
201904739;L.EIC009;2LEIC01
201904739;L.EIC013;2LEIC05
201904739;L.EIC019;3LEIC05
201904739;L.EIC021;3LEIC05
201904739;L.EIC022;3LEIC11
201904739;L.EIC023;3LEIC05
201904739;L.EIC025;3LEIC05
201904775;L.EIC019;3LEIC09
201904775;L.EIC021;3LEIC09
201904775;L.EIC023;3LEIC09
201904775;L.EIC024;3LEIC09
201904775;L.EIC025;3LEIC09
201904795;L.EIC019;3LEIC08
201904795;L.EIC021;3LEIC10
201904795;L.EIC023;3LEIC09
201904795;L.EIC024;3LEIC06
201904795;L.EIC025;3LEIC07
201904865;L.EIC013;2LEIC01
201904865;L.EIC014;2LEIC01
201904865;L.EIC019;3LEIC04
201904865;L.EIC021;3LEIC04
201904865;L.EIC022;3LEIC10
201904865;L.EIC023;3LEIC04
201904865;L.EIC025;3LEIC04
201904873;L.EIC019;3LEIC02
201904873;L.EIC021;3LEIC02
201904873;L.EIC023;3LEIC02
201904873;L.EIC024;3LEIC02
201904873;L.EIC025;3LEIC02
201904881;L.EIC006;2LEIC01
201904881;L.EIC009;2LEIC04
201904881;L.EIC013;2LEIC02
201904881;L.EIC019;3LEIC05
201904881;L.EIC021;3LEIC05
201904881;L.EIC025;3LEIC04
201904920;L.EIC019;3LEIC06
201904920;L.EIC021;3LEIC06
201904920;L.EIC023;3LEIC06
201904920;L.EIC024;3LEIC06
201904920;L.EIC025;3LEIC06
201904925;L.EIC011;2LEIC16
201904925;L.EIC019;3LEIC09
201904925;L.EIC021;3LEIC07
201904925;L.EIC022;3LEIC10
201904925;L.EIC025;3LEIC08
201904967;L.EIC019;3LEIC08
201904967;L.EIC021;3LEIC06
201904967;L.EIC023;3LEIC01
201904967;L.EIC024;3LEIC01
201904967;L.EIC025;3LEIC06
201904969;L.EIC005;1LEIC09
201904969;L.EIC012;2LEIC04
201904969;L.EIC014;2LEIC04
201904974;L.EIC019;3LEIC04
201904974;L.EIC021;3LEIC01
201904974;L.EIC023;3LEIC04
201904974;L.EIC024;3LEIC04
201904974;L.EIC025;3LEIC05
201904977;L.EIC019;3LEIC06
201904977;L.EIC021;3LEIC03
201904977;L.EIC023;3LEIC01
201904977;L.EIC024;3LEIC05
201904977;L.EIC025;3LEIC06
201904979;L.EIC010;2LEIC05
201904979;L.EIC019;3LEIC04
201904979;L.EIC021;3LEIC01
201904979;L.EIC023;3LEIC04
201904979;L.EIC024;3LEIC04
201904979;L.EIC025;3LEIC05
201904996;L.EIC014;2LEIC03
201904996;L.EIC019;3LEIC03
201904996;L.EIC021;3LEIC08
201904996;L.EIC023;3LEIC06
201904996;L.EIC024;3LEIC09
201904996;L.EIC025;3LEIC03
201905046;L.EIC019;3LEIC09
201905046;L.EIC021;3LEIC08
201905046;L.EIC023;3LEIC02
201905046;L.EIC024;3LEIC07
201905046;L.EIC025;3LEIC08
201905076;L.EIC019;3LEIC02
201905076;L.EIC021;3LEIC03
201905076;L.EIC023;3LEIC05
201905076;L.EIC024;3LEIC02
201905076;L.EIC025;3LEIC02
201905129;L.EIC006;2LEIC01
201905129;L.EIC009;2LEIC03
201905129;L.EIC013;2LEIC03
201905129;L.EIC021;3LEIC07
201905129;L.EIC025;3LEIC10
201905166;L.EIC011;2LEIC15
201905166;L.EIC012;2LEIC15
201905166;L.EIC013;2LEIC10
201905166;L.EIC014;2LEIC15
201905166;L.EIC019;3LEIC03
201905166;L.EIC022;3LEIC09
201905179;L.EIC006;2LEIC02
201905179;L.EIC013;2LEIC02
201905179;L.EIC019;3LEIC04
201905179;L.EIC021;3LEIC04
201905179;L.EIC023;3LEIC04
201905179;L.EIC025;3LEIC05
201905189;L.EIC019;3LEIC09
201905189;L.EIC021;3LEIC06
201905189;L.EIC023;3LEIC06
201905189;L.EIC024;3LEIC06
201905189;L.EIC025;3LEIC07
201905212;L.EIC006;2LEIC04
201905212;L.EIC009;2LEIC02
201905212;L.EIC013;2LEIC07
201905212;L.EIC014;2LEIC07
201905257;L.EIC002;1LEIC10
201905257;L.EIC010;2LEIC07
201905257;L.EIC019;3LEIC01
201905257;L.EIC021;3LEIC01
201905257;L.EIC024;3LEIC04
201905257;L.EIC025;3LEIC05
201905337;L.EIC019;3LEIC02
201905337;L.EIC021;3LEIC02
201905337;L.EIC023;3LEIC02
201905337;L.EIC024;3LEIC02
201905337;L.EIC025;3LEIC02
201905348;L.EIC019;3LEIC01
201905348;L.EIC021;3LEIC01
201905348;L.EIC023;3LEIC01
201905348;L.EIC024;3LEIC05
201905348;L.EIC025;3LEIC05
201905383;L.EIC010;2LEIC15
201905383;L.EIC011;2LEIC09
201905383;L.EIC012;2LEIC11
201905383;L.EIC013;2LEIC06
201905383;L.EIC014;2LEIC12
201905396;L.EIC012;2LEIC15
201905396;L.EIC014;2LEIC02
201905396;L.EIC019;3LEIC05
201905396;L.EIC021;3LEIC04
201905396;L.EIC024;3LEIC07
201905396;L.EIC025;3LEIC03
201905405;L.EIC019;3LEIC08
201905405;L.EIC021;3LEIC06
201905405;L.EIC023;3LEIC01
201905405;L.EIC024;3LEIC01
201905405;L.EIC025;3LEIC06
201905407;L.EIC019;3LEIC06
201905407;L.EIC021;3LEIC07
201905407;L.EIC023;3LEIC10
201905407;L.EIC024;3LEIC07
201905407;L.EIC025;3LEIC07
201905427;L.EIC019;3LEIC09
201905427;L.EIC021;3LEIC08
201905427;L.EIC023;3LEIC08
201905427;L.EIC024;3LEIC07
201905427;L.EIC025;3LEIC08
201905429;L.EIC010;2LEIC13
201905429;L.EIC011;2LEIC13
201905429;L.EIC012;2LEIC13
201905429;L.EIC013;2LEIC13
201905429;L.EIC014;2LEIC13
201905450;L.EIC006;2LEIC01
201905450;L.EIC009;2LEIC03
201905450;L.EIC013;2LEIC03
201905450;L.EIC021;3LEIC10
201905450;L.EIC023;3LEIC04
201905450;L.EIC025;3LEIC10
201905451;L.EIC010;2LEIC07
201905451;L.EIC011;2LEIC07
201905451;L.EIC012;2LEIC07
201905451;L.EIC013;2LEIC07
201905451;L.EIC014;2LEIC07
201905477;L.EIC010;2LEIC12
201905477;L.EIC012;2LEIC15
201905477;L.EIC014;2LEIC10
201905477;L.EIC019;3LEIC10
201905477;L.EIC023;3LEIC07
201905497;L.EIC019;3LEIC07
201905497;L.EIC021;3LEIC07
201905497;L.EIC023;3LEIC07
201905497;L.EIC024;3LEIC07
201905497;L.EIC025;3LEIC07
201905508;L.EIC019;3LEIC06
201905508;L.EIC021;3LEIC07
201905508;L.EIC023;3LEIC08
201905508;L.EIC024;3LEIC07
201905508;L.EIC025;3LEIC09
201905517;L.EIC003;1LEIC12
201905517;L.EIC006;2LEIC01
201905517;L.EIC009;2LEIC01
201905517;L.EIC013;2LEIC05
201905517;L.EIC014;2LEIC01
201905517;L.EIC019;3LEIC05
201905517;L.EIC022;3LEIC09
201905529;L.EIC003;1LEIC15
201905529;L.EIC006;2LEIC03
201905529;L.EIC010;2LEIC05
201905529;L.EIC011;2LEIC05
201905529;L.EIC012;2LEIC05
201905529;L.EIC014;2LEIC05
201905574;L.EIC003;1LEIC04
201905574;L.EIC004;1LEIC02
201905574;L.EIC005;1LEIC04
201905574;L.EIC011;2LEIC07
201905574;L.EIC012;2LEIC02
201905574;L.EIC014;2LEIC07
201905589;L.EIC019;3LEIC07
201905589;L.EIC021;3LEIC09
201905589;L.EIC023;3LEIC10
201905589;L.EIC024;3LEIC05
201905589;L.EIC025;3LEIC07
201905609;L.EIC019;3LEIC02
201905609;L.EIC021;3LEIC02
201905609;L.EIC023;3LEIC02
201905609;L.EIC024;3LEIC02
201905609;L.EIC025;3LEIC02
201905616;L.EIC019;3LEIC01
201905616;L.EIC021;3LEIC03
201905616;L.EIC023;3LEIC01
201905616;L.EIC024;3LEIC05
201905616;L.EIC025;3LEIC03
201905650;L.EIC019;3LEIC07
201905650;L.EIC021;3LEIC06
201905650;L.EIC023;3LEIC10
201905650;L.EIC024;3LEIC06
201905650;L.EIC025;3LEIC06
201905680;L.EIC019;3LEIC07
201905680;L.EIC021;3LEIC09
201905680;L.EIC023;3LEIC10
201905680;L.EIC024;3LEIC05
201905680;L.EIC025;3LEIC07
201905705;L.EIC010;2LEIC12
201905705;L.EIC011;2LEIC10
201905705;L.EIC012;2LEIC10
201905705;L.EIC013;2LEIC12
201905705;L.EIC014;2LEIC10
201905753;L.EIC019;3LEIC03
201905753;L.EIC021;3LEIC03
201905753;L.EIC023;3LEIC03
201905753;L.EIC024;3LEIC05
201905753;L.EIC025;3LEIC04
201905767;L.EIC003;1LEIC04
201905767;L.EIC006;2LEIC03
201905767;L.EIC009;2LEIC02
201905767;L.EIC010;2LEIC08
201905767;L.EIC011;2LEIC08
201905767;L.EIC013;2LEIC03
201905767;L.EIC014;2LEIC04
201905810;L.EIC013;2LEIC16
201905810;L.EIC019;3LEIC09
201905810;L.EIC021;3LEIC08
201905810;L.EIC023;3LEIC05
201905810;L.EIC025;3LEIC08
201905853;L.EIC019;3LEIC08
201905853;L.EIC021;3LEIC06
201905853;L.EIC023;3LEIC01
201905853;L.EIC024;3LEIC01
201905853;L.EIC025;3LEIC07
201905871;L.EIC019;3LEIC01
201905871;L.EIC021;3LEIC03
201905871;L.EIC023;3LEIC01
201905871;L.EIC024;3LEIC05
201905871;L.EIC025;3LEIC03
201905892;L.EIC006;2LEIC01
201905892;L.EIC009;2LEIC04
201905892;L.EIC012;2LEIC04
201905892;L.EIC013;2LEIC04
201905892;L.EIC014;2LEIC04
201905916;L.EIC012;2LEIC04
201905916;L.EIC014;2LEIC04
201905916;L.EIC019;3LEIC05
201905916;L.EIC021;3LEIC05
201905916;L.EIC025;3LEIC05
201905951;L.EIC019;3LEIC01
201905951;L.EIC021;3LEIC09
201905951;L.EIC023;3LEIC08
201905951;L.EIC024;3LEIC01
201905951;L.EIC025;3LEIC07
201905952;L.EIC019;3LEIC07
201905952;L.EIC021;3LEIC06
201905952;L.EIC023;3LEIC10
201905952;L.EIC024;3LEIC06
201905952;L.EIC025;3LEIC06
201905962;L.EIC019;3LEIC08
201905962;L.EIC021;3LEIC06
201905962;L.EIC023;3LEIC06
201905962;L.EIC024;3LEIC06
201905962;L.EIC025;3LEIC07
201905966;L.EIC013;2LEIC10
201905966;L.EIC019;3LEIC04
201905966;L.EIC021;3LEIC01
201905966;L.EIC023;3LEIC04
201905966;L.EIC025;3LEIC03
201905971;L.EIC013;2LEIC07
201905971;L.EIC019;3LEIC01
201905971;L.EIC021;3LEIC04
201905971;L.EIC023;3LEIC07
201905971;L.EIC025;3LEIC02
201906031;L.EIC006;2LEIC01
201906031;L.EIC013;2LEIC06
201906031;L.EIC014;2LEIC07
201906031;L.EIC019;3LEIC01
201906031;L.EIC021;3LEIC01
201906031;L.EIC023;3LEIC03
201906031;L.EIC025;3LEIC02
201906042;L.EIC019;3LEIC08
201906042;L.EIC021;3LEIC06
201906042;L.EIC023;3LEIC04
201906042;L.EIC024;3LEIC07
201906042;L.EIC025;3LEIC08
201906045;L.EIC019;3LEIC07
201906045;L.EIC021;3LEIC06
201906045;L.EIC023;3LEIC10
201906045;L.EIC024;3LEIC06
201906045;L.EIC025;3LEIC06
201906049;L.EIC006;2LEIC01
201906049;L.EIC009;2LEIC01
201906049;L.EIC013;2LEIC01
201906049;L.EIC014;2LEIC11
201906049;L.EIC019;3LEIC09
201906049;L.EIC025;3LEIC08
201906050;L.EIC003;1LEIC13
201906050;L.EIC006;2LEIC04
201906050;L.EIC009;2LEIC03
201906050;L.EIC011;2LEIC13
201906050;L.EIC012;2LEIC01
201906050;L.EIC013;2LEIC16
201906050;L.EIC014;2LEIC11
201906051;L.EIC006;2LEIC01
201906051;L.EIC009;2LEIC01
201906051;L.EIC012;2LEIC04
201906051;L.EIC013;2LEIC01
201906051;L.EIC014;2LEIC03
201906051;L.EIC019;3LEIC04
201906067;L.EIC009;2LEIC01
201906067;L.EIC013;2LEIC01
201906067;L.EIC021;3LEIC10
201906067;L.EIC022;3LEIC11
201906067;L.EIC023;3LEIC10
201906067;L.EIC025;3LEIC10
201906072;L.EIC010;2LEIC05
201906072;L.EIC019;3LEIC07
201906072;L.EIC021;1MEIC06
201906072;L.EIC023;3LEIC08
201906086;L.EIC019;3LEIC10
201906086;L.EIC021;3LEIC09
201906086;L.EIC023;3LEIC10
201906086;L.EIC024;3LEIC09
201906086;L.EIC025;3LEIC09
201906159;L.EIC019;3LEIC06
201906159;L.EIC021;3LEIC06
201906159;L.EIC023;3LEIC06
201906159;L.EIC024;3LEIC06
201906159;L.EIC025;3LEIC06
201906166;L.EIC019;3LEIC06
201906166;L.EIC021;3LEIC06
201906166;L.EIC023;3LEIC03
201906166;L.EIC024;3LEIC04
201906166;L.EIC025;3LEIC09
201906230;L.EIC019;3LEIC07
201906230;L.EIC021;3LEIC06
201906230;L.EIC023;3LEIC10
201906230;L.EIC024;3LEIC06
201906230;L.EIC025;3LEIC06
201906232;L.EIC019;3LEIC02
201906232;L.EIC021;3LEIC03
201906232;L.EIC023;3LEIC05
201906232;L.EIC024;3LEIC02
201906232;L.EIC025;3LEIC02
201906272;L.EIC019;3LEIC01
201906272;L.EIC021;3LEIC03
201906272;L.EIC023;3LEIC01
201906272;L.EIC024;3LEIC05
201906272;L.EIC025;3LEIC03
201906293;L.EIC006;2LEIC02
201906293;L.EIC009;2LEIC01
201906293;L.EIC013;2LEIC02
201906293;L.EIC014;2LEIC04
201906325;L.EIC019;3LEIC02
201906325;L.EIC021;3LEIC02
201906325;L.EIC023;3LEIC02
201906325;L.EIC024;3LEIC02
201906325;L.EIC025;3LEIC02
201906334;L.EIC019;3LEIC08
201906334;L.EIC021;3LEIC06
201906334;L.EIC023;3LEIC01
201906334;L.EIC024;3LEIC01
201906334;L.EIC025;3LEIC07
201906355;L.EIC005;1LEIC11
201906355;L.EIC019;3LEIC09
201906355;L.EIC021;3LEIC09
201906355;L.EIC023;3LEIC09
201906355;L.EIC024;3LEIC09
201906355;L.EIC025;3LEIC09
201906401;L.EIC013;2LEIC10
201906401;L.EIC019;3LEIC06
201906401;L.EIC021;3LEIC06
201906401;L.EIC023;3LEIC03
201906401;L.EIC024;3LEIC06
201906401;L.EIC025;3LEIC06
201906422;L.EIC019;3LEIC02
201906422;L.EIC021;3LEIC02
201906422;L.EIC023;3LEIC02
201906422;L.EIC024;3LEIC02
201906422;L.EIC025;3LEIC02
201906478;L.EIC019;3LEIC10
201906478;L.EIC021;3LEIC10
201906478;L.EIC023;3LEIC10
201906478;L.EIC024;3LEIC09
201906478;L.EIC025;3LEIC09
201906573;L.EIC019;3LEIC09
201906573;L.EIC021;3LEIC03
201906573;L.EIC023;3LEIC05
201906573;L.EIC024;3LEIC05
201906573;L.EIC025;3LEIC01
201906576;L.EIC013;2LEIC04
201906576;L.EIC014;2LEIC02
201906576;L.EIC019;3LEIC03
201906576;L.EIC021;3LEIC03
201906576;L.EIC023;3LEIC04
201906576;L.EIC025;3LEIC03
201906617;L.EIC019;3LEIC09
201906617;L.EIC021;3LEIC09
201906617;L.EIC023;3LEIC09
201906617;L.EIC024;3LEIC09
201906617;L.EIC025;3LEIC09
201906622;L.EIC014;2LEIC09
201906622;L.EIC019;3LEIC01
201906622;L.EIC021;3LEIC01
201906622;L.EIC023;3LEIC01
201906622;L.EIC024;3LEIC01
201906622;L.EIC025;3LEIC01
201906638;L.EIC013;2LEIC16
201906638;L.EIC019;3LEIC05
201906638;L.EIC021;3LEIC05
201906638;L.EIC023;3LEIC05
201906638;L.EIC025;3LEIC05
201906680;L.EIC010;2LEIC15
201906680;L.EIC011;2LEIC15
201906680;L.EIC012;2LEIC15
201906680;L.EIC014;2LEIC15
201906680;L.EIC019;3LEIC05
201906680;L.EIC021;3LEIC10
201906681;L.EIC019;3LEIC02
201906681;L.EIC021;3LEIC02
201906681;L.EIC023;3LEIC06
201906681;L.EIC024;3LEIC02
201906681;L.EIC025;3LEIC02
201906682;L.EIC019;3LEIC08
201906682;L.EIC021;3LEIC06
201906682;L.EIC023;3LEIC01
201906682;L.EIC024;3LEIC01
201906682;L.EIC025;3LEIC07
201906690;L.EIC010;2LEIC12
201906690;L.EIC019;3LEIC08
201906690;L.EIC021;3LEIC09
201906690;L.EIC023;3LEIC02
201906690;L.EIC024;3LEIC09
201906690;L.EIC025;3LEIC07
201906704;L.EIC013;2LEIC07
201906704;L.EIC021;3LEIC08
201906704;L.EIC022;3LEIC11
201906704;L.EIC023;3LEIC08
201906704;L.EIC025;3LEIC08
201906712;L.EIC019;3LEIC09
201906712;L.EIC021;3LEIC06
201906712;L.EIC023;3LEIC06
201906712;L.EIC024;3LEIC06
201906712;L.EIC025;3LEIC07
201906731;L.EIC019;3LEIC08
201906731;L.EIC021;3LEIC06
201906731;L.EIC023;3LEIC01
201906731;L.EIC024;3LEIC01
201906731;L.EIC025;3LEIC06
201906732;L.EIC010;2LEIC09
201906732;L.EIC012;2LEIC15
201906732;L.EIC014;2LEIC11
201906732;L.EIC021;3LEIC04
201906732;L.EIC023;3LEIC07
201906732;L.EIC024;3LEIC07
201906743;L.EIC019;3LEIC06
201906743;L.EIC021;3LEIC06
201906743;L.EIC023;3LEIC06
201906743;L.EIC024;3LEIC06
201906743;L.EIC025;3LEIC06
201906750;L.EIC013;2LEIC01
201906750;L.EIC019;3LEIC01
201906750;L.EIC021;3LEIC01
201906750;L.EIC022;3LEIC10
201906750;L.EIC025;3LEIC01
201906761;L.EIC019;3LEIC02
201906761;L.EIC021;3LEIC02
201906761;L.EIC023;3LEIC02
201906761;L.EIC024;3LEIC02
201906761;L.EIC025;3LEIC02
201906784;L.EIC019;3LEIC01
201906784;L.EIC021;3LEIC03
201906784;L.EIC023;3LEIC08
201906784;L.EIC024;3LEIC06
201906784;L.EIC025;3LEIC05
201906788;L.EIC019;3LEIC06
201906788;L.EIC021;3LEIC09
201906788;L.EIC023;3LEIC10
201906788;L.EIC024;3LEIC09
201906788;L.EIC025;3LEIC06
201906805;L.EIC019;3LEIC04
201906805;L.EIC021;3LEIC04
201906805;L.EIC023;3LEIC04
201906805;L.EIC024;3LEIC04
201906805;L.EIC025;3LEIC04
201906807;L.EIC019;3LEIC04
201906807;L.EIC021;3LEIC05
201906807;L.EIC023;3LEIC09
201906807;L.EIC024;3LEIC04
201906807;L.EIC025;3LEIC05
201906845;L.EIC019;3LEIC01
201906845;L.EIC021;3LEIC01
201906845;L.EIC023;3LEIC08
201906845;L.EIC024;3LEIC04
201906845;L.EIC025;3LEIC05
201906852;L.EIC019;3LEIC08
201906852;L.EIC021;3LEIC08
201906852;L.EIC023;3LEIC08
201906852;L.EIC024;3LEIC07
201906852;L.EIC025;3LEIC08
201906888;L.EIC019;3LEIC07
201906888;L.EIC021;3LEIC10
201906888;L.EIC023;3LEIC10
201906888;L.EIC024;3LEIC06
201906888;L.EIC025;3LEIC06
201906910;L.EIC005;1LEIC08
201906910;L.EIC012;2LEIC05
201906910;L.EIC014;2LEIC03
201906910;L.EIC021;3LEIC07
201906910;L.EIC022;3LEIC11
201906910;L.EIC025;3LEIC10
201906942;L.EIC013;2LEIC16
201906942;L.EIC019;3LEIC05
201906942;L.EIC021;3LEIC05
201906942;L.EIC023;3LEIC05
201906942;L.EIC025;3LEIC05
201906945;L.EIC006;2LEIC01
201906945;L.EIC013;2LEIC05
201906945;L.EIC019;3LEIC09
201906945;L.EIC021;3LEIC08
201906945;L.EIC023;3LEIC05
201906945;L.EIC025;3LEIC08
201906954;L.EIC019;3LEIC07
201906954;L.EIC021;3LEIC10
201906954;L.EIC023;3LEIC10
201906954;L.EIC024;3LEIC06
201906954;L.EIC025;3LEIC06
201907001;L.EIC019;3LEIC04
201907001;L.EIC021;3LEIC05
201907001;L.EIC023;3LEIC09
201907001;L.EIC024;3LEIC04
201907001;L.EIC025;3LEIC05
201907007;L.EIC009;2LEIC01
201907007;L.EIC013;2LEIC04
201907007;L.EIC019;3LEIC03
201907007;L.EIC021;3LEIC03
201907007;L.EIC023;3LEIC04
201907007;L.EIC025;3LEIC03
201907014;L.EIC019;3LEIC04
201907014;L.EIC021;3LEIC05
201907014;L.EIC023;3LEIC09
201907014;L.EIC024;3LEIC04
201907014;L.EIC025;3LEIC05
201907020;L.EIC019;3LEIC07
201907020;L.EIC021;3LEIC06
201907020;L.EIC023;3LEIC03
201907020;L.EIC024;3LEIC06
201907020;L.EIC025;3LEIC06
201907021;L.EIC019;3LEIC06
201907021;L.EIC021;3LEIC06
201907021;L.EIC023;3LEIC03
201907021;L.EIC024;3LEIC04
201907021;L.EIC025;3LEIC03
201907075;L.EIC001;1LEIC12
201907075;L.EIC014;2LEIC07
201907075;L.EIC022;3LEIC10
201907075;L.EIC023;3LEIC03
201907075;L.EIC024;3LEIC02
201907075;L.EIC025;3LEIC02
201907095;L.EIC006;2LEIC02
201907095;L.EIC009;2LEIC01
201907095;L.EIC011;2LEIC16
201907095;L.EIC012;2LEIC09
201907095;L.EIC013;2LEIC10
201907095;L.EIC022;3LEIC09
201907116;L.EIC006;2LEIC03
201907116;L.EIC010;2LEIC09
201907116;L.EIC012;2LEIC03
201907116;L.EIC014;2LEIC07
201907116;L.EIC019;3LEIC08
201907116;L.EIC024;3LEIC04
201907131;L.EIC003;1LEIC01
201907131;L.EIC009;2LEIC01
201907131;L.EIC013;2LEIC01
201907131;L.EIC021;3LEIC10
201907131;L.EIC022;3LEIC11
201907131;L.EIC024;3LEIC09
201907131;L.EIC025;3LEIC10
201907156;L.EIC003;1LEIC13
201907156;L.EIC006;2LEIC03
201907156;L.EIC009;2LEIC03
201907156;L.EIC010;2LEIC15
201907156;L.EIC013;2LEIC03
201907156;L.EIC021;3LEIC07
201907156;L.EIC025;3LEIC10
201907201;L.EIC010;2LEIC13
201907201;L.EIC011;2LEIC06
201907201;L.EIC012;2LEIC07
201907201;L.EIC013;2LEIC04
201907201;L.EIC014;2LEIC08
201907216;L.EIC019;3LEIC06
201907216;L.EIC021;3LEIC06
201907216;L.EIC023;3LEIC03
201907216;L.EIC024;3LEIC04
201907216;L.EIC025;3LEIC09
201907226;L.EIC021;3LEIC05
201907226;L.EIC023;3LEIC01
201907226;L.EIC025;3LEIC03
201907254;L.EIC013;2LEIC16
201907254;L.EIC019;3LEIC05
201907254;L.EIC021;3LEIC05
201907254;L.EIC025;3LEIC05
201907284;L.EIC011;2LEIC08
201907284;L.EIC019;3LEIC03
201907284;L.EIC021;3LEIC10
201907284;L.EIC023;3LEIC02
201907284;L.EIC024;3LEIC03
201907284;L.EIC025;3LEIC04
201907321;L.EIC009;2LEIC02
201907321;L.EIC013;2LEIC05
201907321;L.EIC019;3LEIC05
201907321;L.EIC021;3LEIC05
201907321;L.EIC023;3LEIC05
201907321;L.EIC025;3LEIC05
201907361;L.EIC019;3LEIC09
201907361;L.EIC021;3LEIC09
201907361;L.EIC023;3LEIC09
201907361;L.EIC024;3LEIC09
201907361;L.EIC025;3LEIC09
201907399;L.EIC019;3LEIC06
201907399;L.EIC021;3LEIC09
201907399;L.EIC023;3LEIC06
201907399;L.EIC024;3LEIC09
201907399;L.EIC025;3LEIC06
201907461;L.EIC019;3LEIC09
201907461;L.EIC021;3LEIC03
201907461;L.EIC023;3LEIC05
201907461;L.EIC024;3LEIC05
201907461;L.EIC025;3LEIC07
201907483;L.EIC013;2LEIC08
201907483;L.EIC019;3LEIC04
201907483;L.EIC021;3LEIC02
201907483;L.EIC023;3LEIC09
201907483;L.EIC025;3LEIC05
201907487;L.EIC019;3LEIC04
201907487;L.EIC021;3LEIC03
201907487;L.EIC023;3LEIC03
201907487;L.EIC024;3LEIC04
201907487;L.EIC025;3LEIC03
201907523;L.EIC019;3LEIC08
201907523;L.EIC021;3LEIC10
201907523;L.EIC023;3LEIC01
201907523;L.EIC024;3LEIC01
201907523;L.EIC025;3LEIC06
201907549;L.EIC019;3LEIC04
201907549;L.EIC021;3LEIC03
201907549;L.EIC023;3LEIC03
201907549;L.EIC024;3LEIC04
201907549;L.EIC025;3LEIC03
201907565;L.EIC019;3LEIC01
201907565;L.EIC021;3LEIC03
201907565;L.EIC023;3LEIC08
201907565;L.EIC024;3LEIC06
201907565;L.EIC025;3LEIC05
201907715;L.EIC003;1LEIC13
201907715;L.EIC010;2LEIC12
201907715;L.EIC011;2LEIC09
201907715;L.EIC012;2LEIC13
201907715;L.EIC013;2LEIC15
201907715;L.EIC014;2LEIC09
201907716;L.EIC014;2LEIC10
201907716;L.EIC019;3LEIC10
201907716;L.EIC021;3LEIC04
201907716;L.EIC023;3LEIC07
201907716;L.EIC024;3LEIC09
201907726;L.EIC019;3LEIC08
201907726;L.EIC021;3LEIC10
201907726;L.EIC023;3LEIC01
201907726;L.EIC024;3LEIC01
201907726;L.EIC025;3LEIC06
201907727;L.EIC010;2LEIC12
201907727;L.EIC011;2LEIC14
201907727;L.EIC019;3LEIC10
201907727;L.EIC021;3LEIC10
201907727;L.EIC024;3LEIC09
201907727;L.EIC025;3LEIC09
201907729;L.EIC019;3LEIC02
201907729;L.EIC021;3LEIC02
201907729;L.EIC023;3LEIC04
201907729;L.EIC024;3LEIC02
201907729;L.EIC025;3LEIC01
201907747;L.EIC019;3LEIC05
201907747;L.EIC021;3LEIC05
201907747;L.EIC023;3LEIC05
201907747;L.EIC024;3LEIC05
201907747;L.EIC025;3LEIC05
201907756;L.EIC019;3LEIC01
201907756;L.EIC021;3LEIC09
201907756;L.EIC023;3LEIC08
201907756;L.EIC024;3LEIC01
201907756;L.EIC025;3LEIC07
201907816;L.EIC002;1LEIC12
201907816;L.EIC006;2LEIC02
201907816;L.EIC009;2LEIC04
201907816;L.EIC011;2LEIC08
201907816;L.EIC013;2LEIC03
201907816;L.EIC014;2LEIC03
201907835;L.EIC019;3LEIC07
201907835;L.EIC021;3LEIC10
201907835;L.EIC023;3LEIC10
201907835;L.EIC024;3LEIC06
201907835;L.EIC025;3LEIC06
201907847;L.EIC006;2LEIC04
201907847;L.EIC009;2LEIC04
201907847;L.EIC019;3LEIC06
201907847;L.EIC021;3LEIC09
201907847;L.EIC023;3LEIC09
201907847;L.EIC025;3LEIC09
201907863;L.EIC002;1LEIC09
201907863;L.EIC005;1LEIC01
201907863;L.EIC011;2LEIC14
201907863;L.EIC012;2LEIC06
201907863;L.EIC013;2LEIC15
201907863;L.EIC014;2LEIC01
201907877;L.EIC019;3LEIC04
201907877;L.EIC021;3LEIC03
201907877;L.EIC023;3LEIC03
201907877;L.EIC024;3LEIC04
201907877;L.EIC025;3LEIC03
201907878;L.EIC019;3LEIC02
201907878;L.EIC021;3LEIC02
201907878;L.EIC023;3LEIC02
201907878;L.EIC024;3LEIC02
201907878;L.EIC025;3LEIC02
201907879;L.EIC019;3LEIC07
201907879;L.EIC021;3LEIC09
201907879;L.EIC023;3LEIC10
201907879;L.EIC024;3LEIC05
201907879;L.EIC025;3LEIC07
201907886;L.EIC009;2LEIC02
201907886;L.EIC013;2LEIC05
201907886;L.EIC021;3LEIC07
201907886;L.EIC022;3LEIC10
201907886;L.EIC023;3LEIC03
201907886;L.EIC025;3LEIC08
201907907;L.EIC019;3LEIC07
201907907;L.EIC021;3LEIC10
201907907;L.EIC023;3LEIC10
201907907;L.EIC024;3LEIC06
201907907;L.EIC025;3LEIC06
201907925;L.EIC019;3LEIC08
201907925;L.EIC021;3LEIC01
201907925;L.EIC023;3LEIC01
201907925;L.EIC024;3LEIC01
201907925;L.EIC025;3LEIC06
201908044;L.EIC019;3LEIC02
201908044;L.EIC021;3LEIC02
201908044;L.EIC023;3LEIC02
201908044;L.EIC024;3LEIC02
201908044;L.EIC025;3LEIC02
201908057;L.EIC006;2LEIC04
201908057;L.EIC010;2LEIC05
201908057;L.EIC011;2LEIC05
201908057;L.EIC012;2LEIC03
201908057;L.EIC014;2LEIC01
201908057;L.EIC022;3LEIC10
201908075;L.EIC006;2LEIC04
201908075;L.EIC013;2LEIC01
201908075;L.EIC014;2LEIC01
201908075;L.EIC019;3LEIC04
201908075;L.EIC021;3LEIC04
201908075;L.EIC023;3LEIC04
201908075;L.EIC025;3LEIC04
201908142;L.EIC021;3LEIC02
201908142;L.EIC022;3LEIC09
201908142;L.EIC023;3LEIC02
201908142;L.EIC024;3LEIC05
201908142;L.EIC025;3LEIC01
201908143;L.EIC006;2LEIC04
201908143;L.EIC009;2LEIC03
201908143;L.EIC012;2LEIC01
201908143;L.EIC013;2LEIC01
201908209;L.EIC006;2LEIC02
201908209;L.EIC013;2LEIC03
201908209;L.EIC019;3LEIC05
201908209;L.EIC021;3LEIC04
201908209;L.EIC022;3LEIC10
201908209;L.EIC023;3LEIC07
201908209;L.EIC025;3LEIC02
201908250;L.EIC019;3LEIC08
201908250;L.EIC021;3LEIC03
201908250;L.EIC023;3LEIC01
201908250;L.EIC024;3LEIC05
201908250;L.EIC025;3LEIC07
201908253;L.EIC009;2LEIC03
201908253;L.EIC013;2LEIC13
201908253;L.EIC019;3LEIC06
201908253;L.EIC021;3LEIC07
201908253;L.EIC023;3LEIC06
201908253;L.EIC025;3LEIC10
201908633;L.EIC006;2LEIC02
201908633;L.EIC013;2LEIC02
201908633;L.EIC019;3LEIC05
201908633;L.EIC021;3LEIC02
201908633;L.EIC023;3LEIC06
201908633;L.EIC025;3LEIC02
201908676;L.EIC001;1LEIC12
201908676;L.EIC002;1LEIC12
201908676;L.EIC004;1LEIC12
201908676;L.EIC005;1LEIC12
201908676;L.EIC011;2LEIC12
201908676;L.EIC012;2LEIC11
201909699;L.EIC013;2LEIC01
201909699;L.EIC019;3LEIC09
201909699;L.EIC021;3LEIC09
201909699;L.EIC022;3LEIC09
201909699;L.EIC025;3LEIC09
201909711;L.EIC003;1LEIC02
201909711;L.EIC006;2LEIC02
201909711;L.EIC009;2LEIC02
201909711;L.EIC011;2LEIC08
201909711;L.EIC012;2LEIC05
201909711;L.EIC013;2LEIC11
201909711;L.EIC014;2LEIC11
201909858;L.EIC009;2LEIC01
201909858;L.EIC013;2LEIC05
201909858;L.EIC019;3LEIC07
201909858;L.EIC021;3LEIC08
201909858;L.EIC023;3LEIC05
201909858;L.EIC025;3LEIC08
201909892;L.EIC004;1LEIC05
201909892;L.EIC005;1LEIC05
201909914;L.EIC006;2LEIC01
201909914;L.EIC009;2LEIC01
201909914;L.EIC012;2LEIC02
201909914;L.EIC013;2LEIC04
201909914;L.EIC014;2LEIC01
201909935;L.EIC002;1LEIC05
201909935;L.EIC010;2LEIC10
201909935;L.EIC011;2LEIC10
201909935;L.EIC012;2LEIC09
201909935;L.EIC013;2LEIC11
201909937;L.EIC010;2LEIC13
201909937;L.EIC012;2LEIC05
201909937;L.EIC014;2LEIC07
201909937;L.EIC021;3LEIC05
201909937;L.EIC023;3LEIC05
201909937;L.EIC024;3LEIC05
201910200;L.EIC009;2LEIC04
201910200;L.EIC012;2LEIC03
201910200;L.EIC013;2LEIC07
201910200;L.EIC014;2LEIC01
201910371;L.EIC002;1LEIC08
201910371;L.EIC011;2LEIC06
201910371;L.EIC013;2LEIC06
201910371;L.EIC019;3LEIC03
202000141;L.EIC001;1LEIC02
202000141;L.EIC002;1LEIC02
202000141;L.EIC003;1LEIC10
202000161;L.EIC010;2LEIC10
202000161;L.EIC011;2LEIC10
202000161;L.EIC012;2LEIC10
202000161;L.EIC013;2LEIC12
202000161;L.EIC014;2LEIC15
202000162;L.EIC010;2LEIC10
202000162;L.EIC011;2LEIC10
202000162;L.EIC012;2LEIC10
202000162;L.EIC013;2LEIC10
202000162;L.EIC014;2LEIC10
202000163;L.EIC010;2LEIC07
202000163;L.EIC011;2LEIC07
202000163;L.EIC012;2LEIC07
202000163;L.EIC013;2LEIC07
202000163;L.EIC014;2LEIC07
202000166;L.EIC010;2LEIC10
202000166;L.EIC011;2LEIC10
202000166;L.EIC012;2LEIC10
202000166;L.EIC013;2LEIC10
202000166;L.EIC014;2LEIC10
202000382;L.EIC001;1LEIC06
202000382;L.EIC002;1LEIC13
202000416;L.EIC001;1LEIC02
202000416;L.EIC002;1LEIC02
202000416;L.EIC006;2LEIC04
202000416;L.EIC009;2LEIC03
202000416;L.EIC012;2LEIC10
202000416;L.EIC013;2LEIC09
202000416;L.EIC014;2LEIC09
202000705;L.EIC010;2LEIC08
202000705;L.EIC011;2LEIC15
202000705;L.EIC012;2LEIC08
202000705;L.EIC013;2LEIC15
202000705;L.EIC014;2LEIC05
202000707;L.EIC010;2LEIC10
202000707;L.EIC011;2LEIC10
202000707;L.EIC012;2LEIC10
202000707;L.EIC013;2LEIC10
202000707;L.EIC014;2LEIC10
202001337;L.EIC010;2LEIC06
202001337;L.EIC011;2LEIC06
202001337;L.EIC012;2LEIC06
202001337;L.EIC013;2LEIC06
202001337;L.EIC014;2LEIC06
202001417;L.EIC001;1LEIC08
202001417;L.EIC003;1LEIC08
202001417;L.EIC004;1LEIC08
202001417;L.EIC011;2LEIC06
202001417;L.EIC012;2LEIC06
202001417;L.EIC013;2LEIC06
202001417;L.EIC014;2LEIC06
202002142;L.EIC001;1LEIC03
202002142;L.EIC002;1LEIC03
202002142;L.EIC003;1LEIC03
202002142;L.EIC004;1LEIC03
202002142;L.EIC005;1LEIC03
202002749;L.EIC002;1LEIC07
202002749;L.EIC003;1LEIC07
202002749;L.EIC004;1LEIC07
202002749;L.EIC005;1LEIC07
202002810;L.EIC001;1LEIC14
202002810;L.EIC002;1LEIC14
202002810;L.EIC003;1LEIC15
202002810;L.EIC005;1LEIC14
202002810;L.EIC013;2LEIC02
202002811;L.EIC006;2LEIC04
202002811;L.EIC009;2LEIC04
202002811;L.EIC010;2LEIC15
202002811;L.EIC012;2LEIC03
202002811;L.EIC013;2LEIC02
202002811;L.EIC014;2LEIC12
202003324;L.EIC021;3LEIC08
202003324;L.EIC022;3LEIC11
202003324;L.EIC023;3LEIC08
202003324;L.EIC024;3LEIC04
202003324;L.EIC025;3LEIC08
202003386;L.EIC019;3LEIC10
202003386;L.EIC021;3LEIC10
202003386;L.EIC024;3LEIC09
202003386;L.EIC025;3LEIC09
202003474;L.EIC011;2LEIC13
202003474;L.EIC012;2LEIC13
202003474;L.EIC019;3LEIC04
202003474;L.EIC021;3LEIC04
202003474;L.EIC025;3LEIC04
202003480;L.EIC011;2LEIC12
202003480;L.EIC012;2LEIC11
202003480;L.EIC019;3LEIC09
202003480;L.EIC021;3LEIC09
202003480;L.EIC023;3LEIC09
202003480;L.EIC024;3LEIC09
202003480;L.EIC025;3LEIC09
202003484;L.EIC004;1LEIC12
202003484;L.EIC010;2LEIC08
202003484;L.EIC011;2LEIC08
202003484;L.EIC012;2LEIC08
202003484;L.EIC014;2LEIC08
202003518;L.EIC010;2LEIC11
202003518;L.EIC011;2LEIC11
202003518;L.EIC012;2LEIC11
202003518;L.EIC013;2LEIC11
202003529;L.EIC010;2LEIC08
202003529;L.EIC011;2LEIC08
202003529;L.EIC012;2LEIC08
202003529;L.EIC014;2LEIC08
202003574;L.EIC010;2LEIC12
202003574;L.EIC011;2LEIC09
202003574;L.EIC012;2LEIC13
202003574;L.EIC013;2LEIC12
202003574;L.EIC014;2LEIC09
202004151;L.EIC001;1LEIC05
202004151;L.EIC002;1LEIC05
202004151;L.EIC003;1LEIC11
202004151;L.EIC004;1LEIC11
202004151;L.EIC005;1LEIC04
202004155;L.EIC010;2LEIC12
202004155;L.EIC011;2LEIC09
202004155;L.EIC012;2LEIC13
202004155;L.EIC013;2LEIC12
202004155;L.EIC014;2LEIC09
202004159;L.EIC003;1LEIC15
202004159;L.EIC012;2LEIC04
202004159;L.EIC014;2LEIC04
202004161;L.EIC010;2LEIC08
202004161;L.EIC011;2LEIC12
202004161;L.EIC012;2LEIC05
202004161;L.EIC013;2LEIC15
202004161;L.EIC014;2LEIC05
202004175;L.EIC006;2LEIC04
202004175;L.EIC009;2LEIC04
202004175;L.EIC012;2LEIC04
202004175;L.EIC013;2LEIC04
202004175;L.EIC014;2LEIC04
202004179;L.EIC010;2LEIC15
202004179;L.EIC011;2LEIC15
202004179;L.EIC012;2LEIC15
202004179;L.EIC013;2LEIC12
202004179;L.EIC014;2LEIC15
202004187;L.EIC010;2LEIC09
202004187;L.EIC011;2LEIC09
202004187;L.EIC012;2LEIC09
202004187;L.EIC013;2LEIC09
202004187;L.EIC014;2LEIC09
202004196;L.EIC006;2LEIC02
202004196;L.EIC009;2LEIC02
202004196;L.EIC012;2LEIC02
202004196;L.EIC013;2LEIC02
202004196;L.EIC014;2LEIC02
202004229;L.EIC005;1LEIC06
202004229;L.EIC012;2LEIC04
202004229;L.EIC014;2LEIC04
202004244;L.EIC010;2LEIC06
202004244;L.EIC011;2LEIC06
202004244;L.EIC012;2LEIC06
202004244;L.EIC013;2LEIC06
202004244;L.EIC014;2LEIC06
202004260;L.EIC010;2LEIC06
202004260;L.EIC011;2LEIC06
202004260;L.EIC012;2LEIC07
202004260;L.EIC013;2LEIC08
202004260;L.EIC014;2LEIC08
202004288;L.EIC010;2LEIC10
202004288;L.EIC011;2LEIC10
202004288;L.EIC012;2LEIC10
202004288;L.EIC013;2LEIC10
202004288;L.EIC014;2LEIC10
202004293;L.EIC005;1LEIC11
202004293;L.EIC006;2LEIC03
202004293;L.EIC009;2LEIC03
202004293;L.EIC012;2LEIC03
202004293;L.EIC013;2LEIC03
202004293;L.EIC014;2LEIC03
202004324;L.EIC006;2LEIC04
202004324;L.EIC009;2LEIC02
202004324;L.EIC012;2LEIC04
202004324;L.EIC013;2LEIC04
202004324;L.EIC014;2LEIC04
202004343;L.EIC010;2LEIC06
202004343;L.EIC011;2LEIC06
202004343;L.EIC012;2LEIC06
202004343;L.EIC013;2LEIC06
202004343;L.EIC014;2LEIC06
202004374;L.EIC006;2LEIC03
202004374;L.EIC009;2LEIC02
202004374;L.EIC012;2LEIC06
202004374;L.EIC013;2LEIC01
202004374;L.EIC014;2LEIC02
202004380;L.EIC003;1LEIC02
202004380;L.EIC004;1LEIC02
202004380;L.EIC006;2LEIC04
202004380;L.EIC009;2LEIC04
202004380;L.EIC011;2LEIC05
202004380;L.EIC012;2LEIC04
202004380;L.EIC014;2LEIC07
202004393;L.EIC010;2LEIC06
202004393;L.EIC011;2LEIC06
202004393;L.EIC012;2LEIC06
202004393;L.EIC013;2LEIC06
202004393;L.EIC014;2LEIC06
202004395;L.EIC010;2LEIC07
202004395;L.EIC011;2LEIC07
202004395;L.EIC012;2LEIC07
202004395;L.EIC013;2LEIC07
202004395;L.EIC014;2LEIC07
202004407;L.EIC010;2LEIC09
202004407;L.EIC011;2LEIC10
202004407;L.EIC012;2LEIC09
202004407;L.EIC013;2LEIC12
202004407;L.EIC014;2LEIC13
202004421;L.EIC010;2LEIC07
202004421;L.EIC011;2LEIC07
202004421;L.EIC012;2LEIC07
202004421;L.EIC013;2LEIC07
202004421;L.EIC014;2LEIC07
202004443;L.EIC003;1LEIC14
202004443;L.EIC005;1LEIC13
202004443;L.EIC006;2LEIC02
202004443;L.EIC009;2LEIC01
202004443;L.EIC011;2LEIC05
202004443;L.EIC012;2LEIC03
202004443;L.EIC013;2LEIC05
202004443;L.EIC014;2LEIC01
202004461;L.EIC005;1LEIC12
202004461;L.EIC010;2LEIC10
202004461;L.EIC011;2LEIC08
202004461;L.EIC012;2LEIC08
202004461;L.EIC013;2LEIC15
202004461;L.EIC014;2LEIC12
202004473;L.EIC001;1LEIC02
202004473;L.EIC003;1LEIC07
202004473;L.EIC006;2LEIC04
202004473;L.EIC009;2LEIC04
202004473;L.EIC011;2LEIC13
202004473;L.EIC012;2LEIC10
202004473;L.EIC014;2LEIC15
202004476;L.EIC006;2LEIC03
202004476;L.EIC009;2LEIC03
202004476;L.EIC012;2LEIC03
202004476;L.EIC013;2LEIC03
202004476;L.EIC014;2LEIC03
202004513;L.EIC010;2LEIC05
202004513;L.EIC011;2LEIC05
202004513;L.EIC012;2LEIC05
202004513;L.EIC013;2LEIC05
202004513;L.EIC014;2LEIC05
202004551;L.EIC001;1LEIC14
202004551;L.EIC003;1LEIC12
202004551;L.EIC004;1LEIC06
202004558;L.EIC006;2LEIC01
202004558;L.EIC009;2LEIC01
202004558;L.EIC012;2LEIC15
202004558;L.EIC013;2LEIC11
202004558;L.EIC014;2LEIC15
202004587;L.EIC001;1LEIC07
202004587;L.EIC003;1LEIC11
202004587;L.EIC004;1LEIC13
202004587;L.EIC005;1LEIC11
202004587;L.EIC012;2LEIC05
202004598;L.EIC010;2LEIC13
202004598;L.EIC011;2LEIC13
202004598;L.EIC012;2LEIC13
202004598;L.EIC013;2LEIC13
202004598;L.EIC014;2LEIC13
202004606;L.EIC004;1LEIC12
202004606;L.EIC006;2LEIC03
202004606;L.EIC009;2LEIC02
202004606;L.EIC012;2LEIC05
202004606;L.EIC013;2LEIC02
202004606;L.EIC014;2LEIC03
202004646;L.EIC003;1LEIC15
202004646;L.EIC010;2LEIC07
202004646;L.EIC011;2LEIC14
202004646;L.EIC012;2LEIC01
202004646;L.EIC013;2LEIC14
202004646;L.EIC014;2LEIC10
202004648;L.EIC010;2LEIC06
202004648;L.EIC011;2LEIC06
202004648;L.EIC012;2LEIC07
202004648;L.EIC013;2LEIC08
202004648;L.EIC014;2LEIC08
202004653;L.EIC010;2LEIC06
202004653;L.EIC011;2LEIC15
202004653;L.EIC012;2LEIC10
202004653;L.EIC013;2LEIC12
202004653;L.EIC014;2LEIC10
202004656;L.EIC010;2LEIC12
202004656;L.EIC011;2LEIC09
202004656;L.EIC012;2LEIC15
202004656;L.EIC013;2LEIC09
202004656;L.EIC014;2LEIC10
202004682;L.EIC010;2LEIC13
202004682;L.EIC011;2LEIC14
202004682;L.EIC012;2LEIC13
202004682;L.EIC013;2LEIC14
202004682;L.EIC014;2LEIC13
202004695;L.EIC010;2LEIC12
202004695;L.EIC011;2LEIC12
202004695;L.EIC012;2LEIC13
202004695;L.EIC013;2LEIC16
202004695;L.EIC014;2LEIC12
202004714;L.EIC010;2LEIC09
202004714;L.EIC011;2LEIC13
202004714;L.EIC012;2LEIC09
202004714;L.EIC013;2LEIC16
202004714;L.EIC014;2LEIC13
202004715;L.EIC010;2LEIC06
202004715;L.EIC011;2LEIC06
202004715;L.EIC012;2LEIC07
202004715;L.EIC013;2LEIC08
202004715;L.EIC014;2LEIC08
202004724;L.EIC010;2LEIC13
202004724;L.EIC011;2LEIC13
202004724;L.EIC012;2LEIC13
202004724;L.EIC013;2LEIC13
202004724;L.EIC014;2LEIC13
202004735;L.EIC010;2LEIC06
202004735;L.EIC011;2LEIC06
202004735;L.EIC012;2LEIC06
202004735;L.EIC013;2LEIC06
202004735;L.EIC014;2LEIC06
202004761;L.EIC010;2LEIC08
202004761;L.EIC011;2LEIC08
202004761;L.EIC012;2LEIC08
202004761;L.EIC013;2LEIC09
202004761;L.EIC014;2LEIC08
202004809;L.EIC010;2LEIC12
202004809;L.EIC011;2LEIC12
202004809;L.EIC012;2LEIC15
202004809;L.EIC013;2LEIC16
202004809;L.EIC014;2LEIC15
202004810;L.EIC010;2LEIC12
202004810;L.EIC011;2LEIC12
202004810;L.EIC012;2LEIC13
202004810;L.EIC013;2LEIC12
202004810;L.EIC014;2LEIC12
202004816;L.EIC010;2LEIC05
202004816;L.EIC011;2LEIC05
202004816;L.EIC012;2LEIC05
202004816;L.EIC013;2LEIC05
202004816;L.EIC014;2LEIC05
202004823;L.EIC009;2LEIC04
202004823;L.EIC010;2LEIC10
202004823;L.EIC011;2LEIC10
202004823;L.EIC012;2LEIC10
202004823;L.EIC013;2LEIC10
202004823;L.EIC014;2LEIC10
202004852;L.EIC010;2LEIC07
202004852;L.EIC011;2LEIC07
202004852;L.EIC012;2LEIC07
202004852;L.EIC013;2LEIC07
202004852;L.EIC014;2LEIC07
202004887;L.EIC003;1LEIC14
202004887;L.EIC006;2LEIC01
202004887;L.EIC009;2LEIC03
202004887;L.EIC012;2LEIC01
202004887;L.EIC013;2LEIC03
202004887;L.EIC014;2LEIC07
202004891;L.EIC010;2LEIC09
202004891;L.EIC011;2LEIC09
202004891;L.EIC012;2LEIC09
202004891;L.EIC013;2LEIC12
202004891;L.EIC014;2LEIC09
202004898;L.EIC006;2LEIC01
202004898;L.EIC009;2LEIC03
202004898;L.EIC012;2LEIC02
202004898;L.EIC013;2LEIC01
202004898;L.EIC014;2LEIC02
202004907;L.EIC010;2LEIC06
202004907;L.EIC011;2LEIC07
202004907;L.EIC012;2LEIC02
202004907;L.EIC013;2LEIC08
202004907;L.EIC014;2LEIC05
202004926;L.EIC010;2LEIC05
202004926;L.EIC011;2LEIC05
202004926;L.EIC012;2LEIC05
202004926;L.EIC013;2LEIC05
202004926;L.EIC014;2LEIC05
202004946;L.EIC006;2LEIC02
202004946;L.EIC009;2LEIC02
202004946;L.EIC012;2LEIC02
202004946;L.EIC013;2LEIC02
202004946;L.EIC014;2LEIC02
202004948;L.EIC001;1LEIC04
202004948;L.EIC003;1LEIC04
202004948;L.EIC006;2LEIC04
202004948;L.EIC009;2LEIC04
202004948;L.EIC010;2LEIC13
202004948;L.EIC011;2LEIC13
202004950;L.EIC010;2LEIC09
202004950;L.EIC011;2LEIC10
202004950;L.EIC012;2LEIC09
202004950;L.EIC013;2LEIC12
202004950;L.EIC014;2LEIC13
202004985;L.EIC010;2LEIC06
202004985;L.EIC011;2LEIC06
202004985;L.EIC012;2LEIC01
202004985;L.EIC013;2LEIC08
202004985;L.EIC014;2LEIC08
202004986;L.EIC010;2LEIC05
202004986;L.EIC011;2LEIC05
202004986;L.EIC012;2LEIC05
202004986;L.EIC013;2LEIC05
202004986;L.EIC014;2LEIC05
202004990;L.EIC006;2LEIC03
202004990;L.EIC009;2LEIC03
202004990;L.EIC012;2LEIC03
202004990;L.EIC013;2LEIC03
202004990;L.EIC014;2LEIC03
202004996;L.EIC001;1LEIC04
202004996;L.EIC006;2LEIC04
202004996;L.EIC009;2LEIC02
202004996;L.EIC012;2LEIC04
202004996;L.EIC013;2LEIC04
202004996;L.EIC014;2LEIC04
202004999;L.EIC010;2LEIC10
202004999;L.EIC011;2LEIC10
202004999;L.EIC012;2LEIC10
202004999;L.EIC013;2LEIC10
202004999;L.EIC014;2LEIC10
202005015;L.EIC001;1LEIC06
202005015;L.EIC002;1LEIC06
202005015;L.EIC003;1LEIC06
202005015;L.EIC004;1LEIC06
202005015;L.EIC005;1LEIC06
202005035;L.EIC010;2LEIC06
202005035;L.EIC011;2LEIC06
202005035;L.EIC012;2LEIC06
202005035;L.EIC013;2LEIC06
202005035;L.EIC014;2LEIC06
202005042;L.EIC010;2LEIC15
202005042;L.EIC011;2LEIC15
202005042;L.EIC012;2LEIC15
202005042;L.EIC013;2LEIC15
202005042;L.EIC014;2LEIC15
202005091;L.EIC001;1LEIC14
202005091;L.EIC002;1LEIC14
202005091;L.EIC005;1LEIC14
202005097;L.EIC010;2LEIC11
202005097;L.EIC011;2LEIC11
202005097;L.EIC012;2LEIC11
202005097;L.EIC013;2LEIC11
202005097;L.EIC014;2LEIC11
202005103;L.EIC010;2LEIC11
202005103;L.EIC011;2LEIC16
202005103;L.EIC012;2LEIC11
202005103;L.EIC013;2LEIC10
202005103;L.EIC014;2LEIC13
202005108;L.EIC010;2LEIC11
202005108;L.EIC011;2LEIC11
202005108;L.EIC012;2LEIC11
202005108;L.EIC013;2LEIC11
202005108;L.EIC014;2LEIC11
202005140;L.EIC010;2LEIC13
202005140;L.EIC011;2LEIC10
202005140;L.EIC012;2LEIC10
202005140;L.EIC013;2LEIC12
202005140;L.EIC014;2LEIC15
202005164;L.EIC001;1LEIC14
202005164;L.EIC002;1LEIC11
202005164;L.EIC003;1LEIC15
202005164;L.EIC004;1LEIC04
202005164;L.EIC005;1LEIC10
202005204;L.EIC003;1LEIC02
202005204;L.EIC006;2LEIC03
202005204;L.EIC009;2LEIC02
202005204;L.EIC011;2LEIC08
202005204;L.EIC012;2LEIC06
202005204;L.EIC013;2LEIC01
202005204;L.EIC014;2LEIC02
202005208;L.EIC010;2LEIC10
202005208;L.EIC011;2LEIC13
202005208;L.EIC012;2LEIC08
202005208;L.EIC013;2LEIC09
202005208;L.EIC014;2LEIC15
202005209;L.EIC006;2LEIC02
202005209;L.EIC009;2LEIC01
202005209;L.EIC012;2LEIC04
202005209;L.EIC013;2LEIC05
202005209;L.EIC014;2LEIC03
202005216;L.EIC006;2LEIC01
202005216;L.EIC009;2LEIC03
202005216;L.EIC012;2LEIC01
202005216;L.EIC013;2LEIC03
202005216;L.EIC014;2LEIC07
202005277;L.EIC010;2LEIC06
202005277;L.EIC011;2LEIC06
202005277;L.EIC012;2LEIC07
202005277;L.EIC013;2LEIC08
202005277;L.EIC014;2LEIC08
202005283;L.EIC010;2LEIC11
202005283;L.EIC011;2LEIC11
202005283;L.EIC012;2LEIC11
202005283;L.EIC013;2LEIC11
202005283;L.EIC014;2LEIC11
202005285;L.EIC010;2LEIC06
202005285;L.EIC011;2LEIC07
202005285;L.EIC012;2LEIC02
202005285;L.EIC013;2LEIC08
202005285;L.EIC014;2LEIC05
202005303;L.EIC010;2LEIC08
202005303;L.EIC011;2LEIC15
202005303;L.EIC012;2LEIC08
202005303;L.EIC013;2LEIC15
202005303;L.EIC014;2LEIC06
202005304;L.EIC009;2LEIC02
202005304;L.EIC010;2LEIC11
202005304;L.EIC011;2LEIC11
202005304;L.EIC012;2LEIC11
202005304;L.EIC013;2LEIC11
202005304;L.EIC014;2LEIC11
202005319;L.EIC010;2LEIC08
202005319;L.EIC011;2LEIC15
202005319;L.EIC012;2LEIC08
202005319;L.EIC013;2LEIC15
202005319;L.EIC014;2LEIC05
202005321;L.EIC006;2LEIC04
202005321;L.EIC009;2LEIC04
202005321;L.EIC012;2LEIC03
202005321;L.EIC013;2LEIC02
202005321;L.EIC014;2LEIC03
202005330;L.EIC006;2LEIC01
202005330;L.EIC009;2LEIC04
202005330;L.EIC012;2LEIC04
202005330;L.EIC013;2LEIC01
202005330;L.EIC014;2LEIC02
202005358;L.EIC010;2LEIC08
202005358;L.EIC011;2LEIC08
202005358;L.EIC012;2LEIC08
202005358;L.EIC013;2LEIC08
202005358;L.EIC014;2LEIC08
202005369;L.EIC006;2LEIC04
202005369;L.EIC009;2LEIC04
202005369;L.EIC012;2LEIC04
202005369;L.EIC013;2LEIC04
202005369;L.EIC014;2LEIC04
202005388;L.EIC010;2LEIC07
202005388;L.EIC011;2LEIC07
202005388;L.EIC012;2LEIC07
202005388;L.EIC013;2LEIC07
202005388;L.EIC014;2LEIC07
202005428;L.EIC003;1LEIC15
202005428;L.EIC005;1LEIC08
202005428;L.EIC010;2LEIC15
202005428;L.EIC011;2LEIC14
202005428;L.EIC012;2LEIC05
202005428;L.EIC013;2LEIC09
202005428;L.EIC014;2LEIC06
202005429;L.EIC010;2LEIC08
202005429;L.EIC011;2LEIC08
202005429;L.EIC012;2LEIC08
202005429;L.EIC013;2LEIC09
202005429;L.EIC014;2LEIC08
202005435;L.EIC010;2LEIC09
202005435;L.EIC011;2LEIC09
202005435;L.EIC012;2LEIC09
202005435;L.EIC013;2LEIC09
202005435;L.EIC014;2LEIC09
202005437;L.EIC010;2LEIC13
202005437;L.EIC011;2LEIC14
202005437;L.EIC012;2LEIC13
202005437;L.EIC013;2LEIC14
202005437;L.EIC014;2LEIC13
202005448;L.EIC010;2LEIC07
202005448;L.EIC011;2LEIC13
202005448;L.EIC012;2LEIC02
202005448;L.EIC013;2LEIC13
202005448;L.EIC014;2LEIC01
202005454;L.EIC006;2LEIC01
202005454;L.EIC009;2LEIC04
202005454;L.EIC010;2LEIC05
202005454;L.EIC012;2LEIC01
202005454;L.EIC013;2LEIC02
202005454;L.EIC014;2LEIC02
202005460;L.EIC005;1LEIC02
202005460;L.EIC010;2LEIC10
202005460;L.EIC011;2LEIC16
202005460;L.EIC012;2LEIC10
202005460;L.EIC013;2LEIC16
202005460;L.EIC014;2LEIC12
202005472;L.EIC006;2LEIC02
202005472;L.EIC009;2LEIC01
202005472;L.EIC012;2LEIC07
202005472;L.EIC013;2LEIC05
202005472;L.EIC014;2LEIC03
202005478;L.EIC006;2LEIC03
202005478;L.EIC009;2LEIC03
202005478;L.EIC012;2LEIC05
202005478;L.EIC013;2LEIC04
202005478;L.EIC014;2LEIC04
202005485;L.EIC010;2LEIC06
202005485;L.EIC011;2LEIC06
202005485;L.EIC012;2LEIC06
202005485;L.EIC013;2LEIC06
202005485;L.EIC014;2LEIC06
202005488;L.EIC005;1LEIC13
202005488;L.EIC012;2LEIC06
202005488;L.EIC013;2LEIC06
202005488;L.EIC014;2LEIC06
202005501;L.EIC005;1LEIC08
202005501;L.EIC011;2LEIC14
202005501;L.EIC012;2LEIC13
202005501;L.EIC013;2LEIC13
202005501;L.EIC014;2LEIC13
202005519;L.EIC001;1LEIC01
202005519;L.EIC002;1LEIC08
202005519;L.EIC003;1LEIC09
202005519;L.EIC004;1LEIC03
202005519;L.EIC011;2LEIC12
202005519;L.EIC014;2LEIC11
202005545;L.EIC006;2LEIC02
202005545;L.EIC009;2LEIC03
202005545;L.EIC012;2LEIC05
202005545;L.EIC013;2LEIC05
202005545;L.EIC014;2LEIC03
202005567;L.EIC010;2LEIC13
202005567;L.EIC011;2LEIC13
202005567;L.EIC012;2LEIC13
202005567;L.EIC013;2LEIC13
202005567;L.EIC014;2LEIC13
202005658;L.EIC010;2LEIC10
202005658;L.EIC011;2LEIC16
202005658;L.EIC012;2LEIC15
202005658;L.EIC013;2LEIC16
202005658;L.EIC014;2LEIC15
202005661;L.EIC006;2LEIC04
202005661;L.EIC009;2LEIC04
202005661;L.EIC012;2LEIC04
202005661;L.EIC013;2LEIC04
202005661;L.EIC014;2LEIC04
202005700;L.EIC003;1LEIC13
202005700;L.EIC006;2LEIC03
202005700;L.EIC009;2LEIC03
202005700;L.EIC011;2LEIC14
202005700;L.EIC012;2LEIC03
202005700;L.EIC013;2LEIC14
202005700;L.EIC014;2LEIC04
202005801;L.EIC006;2LEIC04
202005801;L.EIC009;2LEIC04
202005801;L.EIC012;2LEIC04
202005801;L.EIC013;2LEIC04
202005801;L.EIC014;2LEIC04
202005827;L.EIC001;1LEIC04
202005827;L.EIC006;2LEIC01
202005827;L.EIC009;2LEIC01
202005827;L.EIC012;2LEIC02
202005827;L.EIC013;2LEIC04
202005827;L.EIC014;2LEIC01
202005832;L.EIC001;1LEIC08
202005832;L.EIC002;1LEIC08
202005832;L.EIC003;1LEIC08
202005832;L.EIC004;1LEIC08
202005832;L.EIC005;1LEIC08
202005845;L.EIC006;2LEIC01
202005845;L.EIC009;2LEIC01
202005845;L.EIC012;2LEIC15
202005845;L.EIC013;2LEIC11
202005845;L.EIC014;2LEIC15
202005900;L.EIC010;2LEIC12
202005900;L.EIC011;2LEIC12
202005900;L.EIC012;2LEIC11
202005900;L.EIC013;2LEIC12
202005900;L.EIC014;2LEIC12
202005932;L.EIC006;2LEIC01
202005932;L.EIC009;2LEIC03
202005932;L.EIC012;2LEIC02
202005932;L.EIC013;2LEIC01
202005932;L.EIC014;2LEIC02
202005954;L.EIC006;2LEIC01
202005954;L.EIC009;2LEIC01
202005954;L.EIC012;2LEIC01
202005954;L.EIC013;2LEIC01
202005954;L.EIC014;2LEIC01
202005959;L.EIC010;2LEIC11
202005959;L.EIC011;2LEIC11
202005959;L.EIC012;2LEIC11
202005959;L.EIC013;2LEIC10
202005959;L.EIC014;2LEIC11
202005977;L.EIC006;2LEIC02
202005977;L.EIC009;2LEIC02
202005977;L.EIC012;2LEIC02
202005977;L.EIC013;2LEIC02
202005977;L.EIC014;2LEIC02
202006020;L.EIC004;1LEIC05
202006020;L.EIC005;1LEIC05
202006020;L.EIC006;2LEIC02
202006020;L.EIC009;2LEIC03
202006020;L.EIC011;2LEIC07
202006020;L.EIC014;2LEIC03
202006056;L.EIC005;1LEIC11
202006056;L.EIC011;2LEIC15
202006056;L.EIC012;2LEIC01
202006056;L.EIC013;2LEIC15
202006056;L.EIC014;2LEIC06
202006059;L.EIC006;2LEIC01
202006059;L.EIC009;2LEIC04
202006059;L.EIC012;2LEIC06
202006059;L.EIC013;2LEIC03
202006059;L.EIC014;2LEIC01
202006086;L.EIC010;2LEIC11
202006086;L.EIC011;2LEIC11
202006086;L.EIC012;2LEIC11
202006086;L.EIC013;2LEIC10
202006086;L.EIC014;2LEIC11
202006094;L.EIC010;2LEIC15
202006094;L.EIC011;2LEIC15
202006094;L.EIC012;2LEIC15
202006094;L.EIC013;2LEIC15
202006094;L.EIC014;2LEIC15
202006111;L.EIC006;2LEIC03
202006111;L.EIC009;2LEIC03
202006111;L.EIC012;2LEIC03
202006111;L.EIC013;2LEIC03
202006111;L.EIC014;2LEIC03
202006137;L.EIC010;2LEIC06
202006137;L.EIC011;2LEIC06
202006137;L.EIC012;2LEIC07
202006137;L.EIC013;2LEIC08
202006137;L.EIC014;2LEIC08
202006140;L.EIC010;2LEIC06
202006140;L.EIC011;2LEIC07
202006140;L.EIC012;2LEIC07
202006140;L.EIC013;2LEIC08
202006140;L.EIC014;2LEIC03
202006141;L.EIC010;2LEIC15
202006141;L.EIC011;2LEIC15
202006141;L.EIC012;2LEIC09
202006141;L.EIC013;2LEIC12
202006141;L.EIC014;2LEIC09
202006195;L.EIC006;2LEIC03
202006195;L.EIC009;2LEIC03
202006195;L.EIC012;2LEIC03
202006195;L.EIC013;2LEIC03
202006195;L.EIC014;2LEIC03
202006199;L.EIC005;1LEIC12
202006199;L.EIC006;2LEIC03
202006199;L.EIC009;2LEIC03
202006199;L.EIC012;2LEIC03
202006199;L.EIC014;2LEIC03
202006279;L.EIC010;2LEIC09
202006279;L.EIC011;2LEIC09
202006279;L.EIC012;2LEIC09
202006279;L.EIC013;2LEIC09
202006279;L.EIC014;2LEIC09
202006280;L.EIC010;2LEIC09
202006280;L.EIC011;2LEIC09
202006280;L.EIC012;2LEIC09
202006280;L.EIC013;2LEIC09
202006280;L.EIC014;2LEIC09
202006289;L.EIC010;2LEIC15
202006289;L.EIC011;2LEIC16
202006289;L.EIC012;2LEIC15
202006289;L.EIC013;2LEIC16
202006289;L.EIC014;2LEIC15
202006302;L.EIC006;2LEIC04
202006302;L.EIC009;2LEIC04
202006302;L.EIC012;2LEIC04
202006302;L.EIC013;2LEIC04
202006302;L.EIC014;2LEIC04
202006303;L.EIC010;2LEIC13
202006303;L.EIC011;2LEIC10
202006303;L.EIC012;2LEIC10
202006303;L.EIC013;2LEIC12
202006303;L.EIC014;2LEIC15
202006322;L.EIC010;2LEIC13
202006322;L.EIC011;2LEIC13
202006322;L.EIC012;2LEIC13
202006322;L.EIC013;2LEIC13
202006322;L.EIC014;2LEIC13
202006343;L.EIC010;2LEIC11
202006343;L.EIC011;2LEIC16
202006343;L.EIC012;2LEIC11
202006343;L.EIC013;2LEIC10
202006343;L.EIC014;2LEIC13
202006345;L.EIC010;2LEIC09
202006345;L.EIC011;2LEIC16
202006345;L.EIC012;2LEIC09
202006345;L.EIC013;2LEIC16
202006345;L.EIC014;2LEIC09
202006379;L.EIC010;2LEIC12
202006379;L.EIC011;2LEIC12
202006379;L.EIC012;2LEIC11
202006379;L.EIC013;2LEIC12
202006379;L.EIC014;2LEIC12
202006408;L.EIC005;1LEIC12
202006408;L.EIC010;2LEIC05
202006408;L.EIC011;2LEIC05
202006408;L.EIC012;2LEIC03
202006408;L.EIC014;2LEIC05
202006409;L.EIC005;1LEIC13
202006409;L.EIC012;2LEIC06
202006409;L.EIC013;2LEIC06
202006409;L.EIC014;2LEIC06
202006417;L.EIC010;2LEIC09
202006417;L.EIC011;2LEIC16
202006417;L.EIC012;2LEIC09
202006417;L.EIC013;2LEIC16
202006417;L.EIC014;2LEIC09
202006464;L.EIC010;2LEIC12
202006464;L.EIC011;2LEIC09
202006464;L.EIC012;2LEIC11
202006464;L.EIC013;2LEIC15
202006464;L.EIC014;2LEIC12
202006471;L.EIC010;2LEIC12
202006471;L.EIC011;2LEIC10
202006471;L.EIC012;2LEIC10
202006471;L.EIC013;2LEIC15
202006471;L.EIC014;2LEIC10
202006478;L.EIC010;2LEIC12
202006478;L.EIC011;2LEIC12
202006478;L.EIC012;2LEIC11
202006478;L.EIC013;2LEIC12
202006478;L.EIC014;2LEIC12
202006485;L.EIC005;1LEIC13
202006485;L.EIC012;2LEIC06
202006485;L.EIC013;2LEIC06
202006485;L.EIC014;2LEIC06
202006525;L.EIC005;1LEIC02
202006525;L.EIC006;2LEIC03
202006525;L.EIC009;2LEIC02
202006525;L.EIC010;2LEIC11
202006525;L.EIC011;2LEIC11
202006525;L.EIC012;2LEIC11
202006525;L.EIC013;2LEIC11
202006526;L.EIC005;1LEIC13
202006526;L.EIC006;2LEIC01
202006526;L.EIC010;2LEIC11
202006526;L.EIC011;2LEIC11
202006526;L.EIC012;2LEIC11
202006526;L.EIC013;2LEIC11
202006526;L.EIC014;2LEIC11
202006562;L.EIC010;2LEIC13
202006562;L.EIC011;2LEIC13
202006562;L.EIC012;2LEIC13
202006562;L.EIC013;2LEIC13
202006562;L.EIC014;2LEIC13
202006605;L.EIC010;2LEIC13
202006605;L.EIC011;2LEIC16
202006605;L.EIC012;2LEIC09
202006605;L.EIC013;2LEIC13
202006605;L.EIC014;2LEIC09
202006608;L.EIC006;2LEIC02
202006608;L.EIC009;2LEIC01
202006608;L.EIC012;2LEIC01
202006608;L.EIC013;2LEIC08
202006608;L.EIC014;2LEIC06
202006677;L.EIC010;2LEIC06
202006677;L.EIC011;2LEIC06
202006677;L.EIC012;2LEIC06
202006677;L.EIC013;2LEIC06
202006677;L.EIC014;2LEIC06
202006721;L.EIC002;1LEIC03
202006721;L.EIC003;1LEIC03
202006721;L.EIC004;1LEIC03
202006721;L.EIC005;1LEIC03
202006721;L.EIC012;2LEIC03
202006728;L.EIC002;1LEIC03
202006728;L.EIC003;1LEIC03
202006728;L.EIC004;1LEIC03
202006728;L.EIC005;1LEIC03
202006728;L.EIC012;2LEIC03
202006731;L.EIC001;1LEIC09
202006731;L.EIC002;1LEIC09
202006731;L.EIC005;1LEIC09
202006731;L.EIC006;2LEIC03
202006731;L.EIC012;2LEIC03
202006757;L.EIC005;1LEIC13
202006757;L.EIC011;2LEIC05
202006757;L.EIC012;2LEIC03
202006757;L.EIC014;2LEIC06
202006767;L.EIC010;2LEIC13
202006767;L.EIC011;2LEIC16
202006767;L.EIC012;2LEIC09
202006767;L.EIC013;2LEIC13
202006767;L.EIC014;2LEIC09
202006770;L.EIC010;2LEIC15
202006770;L.EIC011;2LEIC15
202006770;L.EIC012;2LEIC15
202006770;L.EIC013;2LEIC15
202006770;L.EIC014;2LEIC15
202006814;L.EIC010;2LEIC07
202006814;L.EIC011;2LEIC07
202006814;L.EIC012;2LEIC07
202006814;L.EIC013;2LEIC07
202006814;L.EIC014;2LEIC07
202006845;L.EIC010;2LEIC09
202006845;L.EIC011;2LEIC09
202006845;L.EIC012;2LEIC09
202006845;L.EIC013;2LEIC09
202006845;L.EIC014;2LEIC09
202006866;L.EIC010;2LEIC12
202006866;L.EIC011;2LEIC16
202006866;L.EIC012;2LEIC13
202006866;L.EIC013;2LEIC16
202006866;L.EIC014;2LEIC12
202006874;L.EIC005;1LEIC13
202006874;L.EIC012;2LEIC13
202006874;L.EIC014;2LEIC13
202006888;L.EIC010;2LEIC11
202006888;L.EIC011;2LEIC11
202006888;L.EIC012;2LEIC11
202006888;L.EIC013;2LEIC11
202006888;L.EIC014;2LEIC11
202006902;L.EIC003;1LEIC02
202006902;L.EIC006;2LEIC04
202006902;L.EIC009;2LEIC03
202006902;L.EIC012;2LEIC06
202006918;L.EIC001;1LEIC12
202006918;L.EIC003;1LEIC12
202006918;L.EIC004;1LEIC12
202006927;L.EIC010;2LEIC12
202006927;L.EIC011;2LEIC12
202006927;L.EIC012;2LEIC13
202006927;L.EIC013;2LEIC16
202006927;L.EIC014;2LEIC12
202006963;L.EIC010;2LEIC07
202006963;L.EIC011;2LEIC09
202006963;L.EIC012;2LEIC09
202006963;L.EIC013;2LEIC11
202006963;L.EIC014;2LEIC09
202007036;L.EIC010;2LEIC11
202007036;L.EIC011;2LEIC07
202007036;L.EIC012;2LEIC02
202007036;L.EIC013;2LEIC05
202007036;L.EIC014;2LEIC05
202007042;L.EIC010;2LEIC10
202007042;L.EIC011;2LEIC10
202007042;L.EIC012;2LEIC10
202007042;L.EIC013;2LEIC10
202007042;L.EIC014;2LEIC10
202007044;L.EIC010;2LEIC09
202007044;L.EIC011;2LEIC09
202007044;L.EIC012;2LEIC09
202007044;L.EIC013;2LEIC09
202007044;L.EIC014;2LEIC09
202007145;L.EIC010;2LEIC06
202007145;L.EIC011;2LEIC06
202007145;L.EIC012;2LEIC07
202007145;L.EIC013;2LEIC08
202007145;L.EIC014;2LEIC08
202007163;L.EIC010;2LEIC15
202007163;L.EIC011;2LEIC15
202007163;L.EIC012;2LEIC15
202007163;L.EIC013;2LEIC15
202007163;L.EIC014;2LEIC15
202007191;L.EIC010;2LEIC12
202007191;L.EIC011;2LEIC09
202007191;L.EIC012;2LEIC11
202007191;L.EIC013;2LEIC12
202007191;L.EIC014;2LEIC12
202007210;L.EIC010;2LEIC11
202007210;L.EIC011;2LEIC11
202007210;L.EIC012;2LEIC11
202007210;L.EIC013;2LEIC11
202007210;L.EIC014;2LEIC11
202007227;L.EIC010;2LEIC13
202007227;L.EIC011;2LEIC13
202007227;L.EIC012;2LEIC13
202007227;L.EIC013;2LEIC13
202007227;L.EIC014;2LEIC13
202007231;L.EIC010;2LEIC11
202007231;L.EIC011;2LEIC11
202007231;L.EIC012;2LEIC11
202007231;L.EIC013;2LEIC11
202007231;L.EIC014;2LEIC11
202007242;L.EIC010;2LEIC10
202007242;L.EIC011;2LEIC10
202007242;L.EIC012;2LEIC10
202007242;L.EIC013;2LEIC10
202007242;L.EIC014;2LEIC10
202007248;L.EIC001;1LEIC05
202007248;L.EIC002;1LEIC05
202007248;L.EIC003;1LEIC05
202007248;L.EIC004;1LEIC05
202007248;L.EIC005;1LEIC05
202007253;L.EIC004;1LEIC09
202007253;L.EIC011;2LEIC16
202007253;L.EIC012;2LEIC01
202007253;L.EIC013;2LEIC14
202007253;L.EIC014;2LEIC05
202007375;L.EIC010;2LEIC07
202007375;L.EIC011;2LEIC07
202007375;L.EIC012;2LEIC07
202007375;L.EIC013;2LEIC07
202007375;L.EIC014;2LEIC07
202007398;L.EIC010;2LEIC09
202007398;L.EIC011;2LEIC09
202007398;L.EIC012;2LEIC09
202007398;L.EIC013;2LEIC09
202007398;L.EIC014;2LEIC09
202007459;L.EIC010;2LEIC12
202007459;L.EIC011;2LEIC12
202007459;L.EIC012;2LEIC15
202007459;L.EIC013;2LEIC15
202007459;L.EIC014;2LEIC15
202007485;L.EIC010;2LEIC13
202007485;L.EIC011;2LEIC13
202007485;L.EIC012;2LEIC13
202007485;L.EIC013;2LEIC13
202007485;L.EIC014;2LEIC13
202007516;L.EIC010;2LEIC09
202007516;L.EIC011;2LEIC09
202007516;L.EIC012;2LEIC09
202007516;L.EIC013;2LEIC12
202007516;L.EIC014;2LEIC09
202007519;L.EIC010;2LEIC10
202007519;L.EIC011;2LEIC10
202007519;L.EIC012;2LEIC10
202007519;L.EIC013;2LEIC10
202007519;L.EIC014;2LEIC10
202007525;L.EIC010;2LEIC06
202007525;L.EIC011;2LEIC07
202007525;L.EIC012;2LEIC02
202007525;L.EIC013;2LEIC08
202007525;L.EIC014;2LEIC05
202007531;L.EIC010;2LEIC11
202007531;L.EIC011;2LEIC11
202007531;L.EIC012;2LEIC11
202007531;L.EIC013;2LEIC11
202007531;L.EIC014;2LEIC11
202007539;L.EIC010;2LEIC08
202007539;L.EIC011;2LEIC15
202007539;L.EIC012;2LEIC08
202007539;L.EIC013;2LEIC15
202007539;L.EIC014;2LEIC05
202007544;L.EIC010;2LEIC10
202007544;L.EIC011;2LEIC10
202007544;L.EIC012;2LEIC10
202007544;L.EIC013;2LEIC10
202007544;L.EIC014;2LEIC10
202007554;L.EIC010;2LEIC12
202007554;L.EIC011;2LEIC12
202007554;L.EIC012;2LEIC13
202007554;L.EIC013;2LEIC12
202007554;L.EIC014;2LEIC12
202007585;L.EIC006;2LEIC03
202007585;L.EIC009;2LEIC03
202007585;L.EIC011;2LEIC05
202007585;L.EIC012;2LEIC03
202007585;L.EIC013;2LEIC04
202007585;L.EIC014;2LEIC02
202007589;L.EIC010;2LEIC07
202007589;L.EIC011;2LEIC07
202007589;L.EIC012;2LEIC07
202007589;L.EIC013;2LEIC07
202007589;L.EIC014;2LEIC07
202007590;L.EIC006;2LEIC02
202007590;L.EIC009;2LEIC02
202007590;L.EIC012;2LEIC11
202007590;L.EIC013;2LEIC13
202007590;L.EIC014;2LEIC13
202007602;L.EIC010;2LEIC10
202007602;L.EIC011;2LEIC10
202007602;L.EIC012;2LEIC10
202007602;L.EIC013;2LEIC10
202007602;L.EIC014;2LEIC10
202007614;L.EIC010;2LEIC09
202007614;L.EIC011;2LEIC16
202007614;L.EIC012;2LEIC09
202007614;L.EIC013;2LEIC11
202007614;L.EIC014;2LEIC09
202007620;L.EIC010;2LEIC09
202007620;L.EIC011;2LEIC09
202007620;L.EIC012;2LEIC09
202007620;L.EIC013;2LEIC09
202007620;L.EIC014;2LEIC09
202007623;L.EIC010;2LEIC13
202007623;L.EIC011;2LEIC14
202007623;L.EIC012;2LEIC13
202007623;L.EIC013;2LEIC14
202007623;L.EIC014;2LEIC13
202007640;L.EIC001;1LEIC04
202007640;L.EIC003;1LEIC07
202007640;L.EIC004;1LEIC07
202007640;L.EIC011;2LEIC06
202007640;L.EIC012;2LEIC06
202007640;L.EIC014;2LEIC06
202007651;L.EIC010;2LEIC07
202007651;L.EIC011;2LEIC13
202007651;L.EIC012;2LEIC02
202007651;L.EIC013;2LEIC13
202007651;L.EIC014;2LEIC01
202007658;L.EIC010;2LEIC08
202007658;L.EIC011;2LEIC08
202007658;L.EIC012;2LEIC08
202007658;L.EIC013;2LEIC08
202007658;L.EIC014;2LEIC08
202007675;L.EIC006;2LEIC02
202007675;L.EIC009;2LEIC02
202007675;L.EIC012;2LEIC02
202007675;L.EIC013;2LEIC02
202007675;L.EIC014;2LEIC02
202007723;L.EIC005;1LEIC12
202007723;L.EIC012;2LEIC04
202007723;L.EIC014;2LEIC04
202007770;L.EIC010;2LEIC13
202007770;L.EIC011;2LEIC13
202007770;L.EIC012;2LEIC13
202007770;L.EIC013;2LEIC13
202007770;L.EIC014;2LEIC13
202007855;L.EIC010;2LEIC07
202007855;L.EIC011;2LEIC07
202007855;L.EIC012;2LEIC07
202007855;L.EIC013;2LEIC07
202007855;L.EIC014;2LEIC07
202007865;L.EIC010;2LEIC13
202007865;L.EIC011;2LEIC13
202007865;L.EIC012;2LEIC13
202007865;L.EIC013;2LEIC12
202007865;L.EIC014;2LEIC13
202007888;L.EIC006;2LEIC02
202007888;L.EIC009;2LEIC02
202007888;L.EIC012;2LEIC05
202007888;L.EIC013;2LEIC07
202007888;L.EIC014;2LEIC05
202007895;L.EIC006;2LEIC01
202007895;L.EIC009;2LEIC01
202007895;L.EIC012;2LEIC01
202007895;L.EIC013;2LEIC01
202007895;L.EIC014;2LEIC01
202007914;L.EIC010;2LEIC07
202007914;L.EIC011;2LEIC07
202007914;L.EIC012;2LEIC07
202007914;L.EIC013;2LEIC07
202007914;L.EIC014;2LEIC07
202007921;L.EIC010;2LEIC11
202007921;L.EIC011;2LEIC11
202007921;L.EIC012;2LEIC11
202007921;L.EIC013;2LEIC11
202007921;L.EIC014;2LEIC11
202007928;L.EIC010;2LEIC15
202007928;L.EIC011;2LEIC15
202007928;L.EIC012;2LEIC15
202007928;L.EIC013;2LEIC15
202007928;L.EIC014;2LEIC15
202007962;L.EIC010;2LEIC09
202007962;L.EIC011;2LEIC09
202007962;L.EIC012;2LEIC09
202007962;L.EIC013;2LEIC12
202007962;L.EIC014;2LEIC13
202007972;L.EIC010;2LEIC09
202007972;L.EIC011;2LEIC16
202007972;L.EIC012;2LEIC15
202007972;L.EIC013;2LEIC16
202007972;L.EIC014;2LEIC10
202008004;L.EIC010;2LEIC06
202008004;L.EIC011;2LEIC06
202008004;L.EIC012;2LEIC01
202008004;L.EIC013;2LEIC08
202008004;L.EIC014;2LEIC08
202008014;L.EIC010;2LEIC08
202008014;L.EIC011;2LEIC05
202008014;L.EIC012;2LEIC03
202008014;L.EIC013;2LEIC02
202008014;L.EIC014;2LEIC02
202008047;L.EIC006;2LEIC04
202008047;L.EIC009;2LEIC04
202008047;L.EIC011;2LEIC12
202008047;L.EIC012;2LEIC15
202008047;L.EIC013;2LEIC10
202008047;L.EIC014;2LEIC15
202008052;L.EIC010;2LEIC10
202008052;L.EIC011;2LEIC14
202008052;L.EIC012;2LEIC07
202008052;L.EIC013;2LEIC12
202008052;L.EIC014;2LEIC03
202008061;L.EIC010;2LEIC05
202008061;L.EIC011;2LEIC05
202008061;L.EIC012;2LEIC05
202008061;L.EIC013;2LEIC05
202008061;L.EIC014;2LEIC05
202008076;L.EIC006;2LEIC03
202008076;L.EIC009;2LEIC02
202008076;L.EIC012;2LEIC06
202008076;L.EIC013;2LEIC01
202008076;L.EIC014;2LEIC02
202008133;L.EIC010;2LEIC13
202008133;L.EIC011;2LEIC11
202008133;L.EIC012;2LEIC11
202008133;L.EIC013;2LEIC09
202008133;L.EIC014;2LEIC12
202008169;L.EIC010;2LEIC06
202008169;L.EIC011;2LEIC06
202008169;L.EIC012;2LEIC07
202008169;L.EIC013;2LEIC08
202008169;L.EIC014;2LEIC08
202008227;L.EIC002;1LEIC13
202008227;L.EIC003;1LEIC03
202008227;L.EIC010;2LEIC10
202008227;L.EIC011;2LEIC12
202008227;L.EIC013;2LEIC16
202008227;L.EIC014;2LEIC11
202008252;L.EIC010;2LEIC13
202008252;L.EIC011;2LEIC13
202008252;L.EIC012;2LEIC13
202008252;L.EIC013;2LEIC13
202008252;L.EIC014;2LEIC13
202008307;L.EIC010;2LEIC06
202008307;L.EIC011;2LEIC06
202008307;L.EIC012;2LEIC07
202008307;L.EIC013;2LEIC08
202008307;L.EIC014;2LEIC08
202008319;L.EIC010;2LEIC06
202008319;L.EIC011;2LEIC06
202008319;L.EIC012;2LEIC06
202008319;L.EIC013;2LEIC08
202008319;L.EIC014;2LEIC06
202008323;L.EIC010;2LEIC10
202008323;L.EIC011;2LEIC14
202008323;L.EIC012;2LEIC01
202008323;L.EIC013;2LEIC09
202008323;L.EIC014;2LEIC01
202008405;L.EIC006;2LEIC02
202008405;L.EIC009;2LEIC02
202008405;L.EIC012;2LEIC02
202008405;L.EIC013;2LEIC02
202008405;L.EIC014;2LEIC02
202008423;L.EIC001;1LEIC12
202008423;L.EIC003;1LEIC08
202008423;L.EIC004;1LEIC12
202008423;L.EIC012;2LEIC15
202008444;L.EIC001;1LEIC06
202008444;L.EIC003;1LEIC06
202008444;L.EIC004;1LEIC06
202008444;L.EIC005;1LEIC06
202008444;L.EIC012;2LEIC04
202008450;L.EIC001;1LEIC08
202008450;L.EIC003;1LEIC08
202008450;L.EIC004;1LEIC08
202008462;L.EIC010;2LEIC09
202008462;L.EIC011;2LEIC09
202008462;L.EIC012;2LEIC09
202008462;L.EIC013;2LEIC09
202008462;L.EIC014;2LEIC09
202008467;L.EIC003;1LEIC11
202008467;L.EIC004;1LEIC11
202008467;L.EIC005;1LEIC11
202008467;L.EIC010;2LEIC15
202008467;L.EIC011;2LEIC16
202008467;L.EIC012;2LEIC05
202008551;L.EIC005;1LEIC02
202008551;L.EIC012;2LEIC02
202008551;L.EIC014;2LEIC02
202008552;L.EIC010;2LEIC13
202008552;L.EIC011;2LEIC16
202008552;L.EIC012;2LEIC09
202008552;L.EIC013;2LEIC13
202008552;L.EIC014;2LEIC09
202008561;L.EIC010;2LEIC13
202008561;L.EIC011;2LEIC13
202008561;L.EIC012;2LEIC13
202008561;L.EIC013;2LEIC13
202008561;L.EIC014;2LEIC13
202008569;L.EIC010;2LEIC07
202008569;L.EIC011;2LEIC07
202008569;L.EIC012;2LEIC07
202008569;L.EIC013;2LEIC07
202008569;L.EIC014;2LEIC07
202008789;L.EIC006;2LEIC03
202008789;L.EIC009;2LEIC02
202008789;L.EIC012;2LEIC05
202008789;L.EIC013;2LEIC04
202008789;L.EIC014;2LEIC06
202008790;L.EIC006;2LEIC03
202008790;L.EIC009;2LEIC02
202008790;L.EIC012;2LEIC05
202008790;L.EIC013;2LEIC01
202008790;L.EIC014;2LEIC01
202008856;L.EIC003;1LEIC06
202008856;L.EIC005;1LEIC06
202008856;L.EIC010;2LEIC06
202008856;L.EIC012;2LEIC06
202008856;L.EIC013;2LEIC06
202008856;L.EIC014;2LEIC06
202008859;L.EIC001;1LEIC10
202008859;L.EIC002;1LEIC10
202008859;L.EIC003;1LEIC10
202008859;L.EIC004;1LEIC10
202008859;L.EIC005;1LEIC10
202008860;L.EIC010;2LEIC08
202008860;L.EIC011;2LEIC08
202008860;L.EIC012;2LEIC08
202008860;L.EIC013;2LEIC09
202008860;L.EIC014;2LEIC08
202008861;L.EIC001;1LEIC07
202008861;L.EIC002;1LEIC07
202008861;L.EIC003;1LEIC07
202008861;L.EIC004;1LEIC07
202008861;L.EIC005;1LEIC07
202008862;L.EIC010;2LEIC05
202008862;L.EIC011;2LEIC06
202008862;L.EIC012;2LEIC07
202008862;L.EIC013;2LEIC08
202008862;L.EIC014;2LEIC08
202008863;L.EIC001;1LEIC10
202008863;L.EIC002;1LEIC10
202008863;L.EIC003;1LEIC10
202008863;L.EIC004;1LEIC10
202008863;L.EIC005;1LEIC10
202008864;L.EIC001;1LEIC06
202008864;L.EIC002;1LEIC06
202008864;L.EIC003;1LEIC06
202008864;L.EIC004;1LEIC06
202008864;L.EIC005;1LEIC06
202008865;L.EIC001;1LEIC10
202008865;L.EIC002;1LEIC10
202008865;L.EIC003;1LEIC10
202008865;L.EIC004;1LEIC10
202008865;L.EIC005;1LEIC10
202008867;L.EIC010;2LEIC08
202008867;L.EIC011;2LEIC15
202008867;L.EIC012;2LEIC08
202008867;L.EIC013;2LEIC15
202008867;L.EIC014;2LEIC06
202009291;L.EIC003;1LEIC05
202009291;L.EIC004;1LEIC05
202009291;L.EIC005;1LEIC05
202010030;L.EIC001;1LEIC14
202010030;L.EIC002;1LEIC14
202010030;L.EIC003;1LEIC14
202010030;L.EIC004;1LEIC14
202010030;L.EIC005;1LEIC14
202103342;L.EIC003;1LEIC04
202103342;L.EIC004;1LEIC04
202103342;L.EIC005;1LEIC04
202103343;L.EIC003;1LEIC12
202103343;L.EIC004;1LEIC12
202103343;L.EIC012;2LEIC10
202103343;L.EIC014;2LEIC10
202103344;L.EIC002;1LEIC07
202103344;L.EIC003;1LEIC15
202103344;L.EIC005;1LEIC07
202103344;L.EIC011;2LEIC14
202103344;L.EIC012;2LEIC05
202103344;L.EIC013;2LEIC09
202103627;L.EIC003;1LEIC15
202103627;L.EIC012;2LEIC02
202103627;L.EIC013;2LEIC05
202103627;L.EIC014;2LEIC01
202103628;L.EIC003;1LEIC14
202103628;L.EIC004;1LEIC10
202103628;L.EIC011;2LEIC11
202103628;L.EIC012;2LEIC15
202103628;L.EIC014;2LEIC10
202103629;L.EIC011;2LEIC08
202103629;L.EIC012;2LEIC08
202103629;L.EIC013;2LEIC04
202103629;L.EIC014;2LEIC08
202103631;L.EIC003;1LEIC14
202103631;L.EIC004;1LEIC10
202103631;L.EIC011;2LEIC11
202103631;L.EIC012;2LEIC15
202103631;L.EIC014;2LEIC10
202104794;L.EIC001;1LEIC07
202104794;L.EIC002;1LEIC07
202104794;L.EIC003;1LEIC07
202104794;L.EIC004;1LEIC07
202104794;L.EIC005;1LEIC07
202104805;L.EIC001;1LEIC07
202104805;L.EIC002;1LEIC07
202104805;L.EIC003;1LEIC07
202104805;L.EIC004;1LEIC07
202104805;L.EIC005;1LEIC07
202107525;L.EIC001;1LEIC08
202107525;L.EIC002;1LEIC12
202107525;L.EIC003;1LEIC12
202107525;L.EIC004;1LEIC13
202107525;L.EIC005;1LEIC08
202107798;L.EIC001;1LEIC01
202107798;L.EIC002;1LEIC01
202107798;L.EIC003;1LEIC01
202107798;L.EIC004;1LEIC01
202107798;L.EIC005;1LEIC01
202108044;L.EIC001;1LEIC01
202108044;L.EIC002;1LEIC01
202108044;L.EIC003;1LEIC01
202108044;L.EIC004;1LEIC01
202108044;L.EIC005;1LEIC01
202108675;L.EIC001;1LEIC05
202108675;L.EIC002;1LEIC05
202108675;L.EIC003;1LEIC05
202108675;L.EIC004;1LEIC05
202108675;L.EIC005;1LEIC05
